DROP DATABASE IF EXISTS global_database;
CREATE DATABASE IF NOT EXISTS global_database;

USE global_database;

CREATE TABLE IF NOT EXISTS Country
(
    country_ID   INT UNSIGNED PRIMARY KEY,
    country_name VARCHAR(30) NOT NULL
);

CREATE TABLE IF NOT EXISTS Similarity
(
    sim_ID      INT AUTO_INCREMENT PRIMARY KEY,
    country_ID  INT UNSIGNED NOT NULL,
    sim_country INT UNSIGNED NOT NULL,
    sim_score   FLOAT,
    FOREIGN KEY (country_ID) REFERENCES Country (country_ID)
);

CREATE TABLE IF NOT EXISTS Factor
(
    factor_ID   INT UNSIGNED PRIMARY KEY,
    factor_name VARCHAR(30) NOT NULL
);

CREATE TABLE IF NOT EXISTS Rate
(
    rate_ID        INT AUTO_INCREMENT PRIMARY KEY,
    factor_ID      INT UNSIGNED NOT NULL,
    country_ID     INT UNSIGNED NOT NULL,
    rate_of_change FLOAT        NOT NULL,
    FOREIGN KEY (factor_ID) REFERENCES Factor (factor_ID),
    FOREIGN KEY (country_ID) REFERENCES Country (country_ID)
);

CREATE TABLE IF NOT EXISTS User_Role
(
    role_ID INT AUTO_INCREMENT PRIMARY KEY,
    role_name   VARCHAR(30) NOT NULL 
);

CREATE TABLE IF NOT EXISTS User
(
    user_ID    INT AUTO_INCREMENT PRIMARY KEY,
    user_country INT UNSIGNED NOT NULL,
    user_name  VARCHAR(30)  NOT NULL,
    role_ID  INT NOT NULL,
    FOREIGN KEY (role_ID) REFERENCES User_Role (role_ID),
    FOREIGN KEY (user_country) REFERENCES Country (country_ID)
);

CREATE TABLE IF NOT EXISTS Organization
(
    org_ID      INT AUTO_INCREMENT PRIMARY KEY,
    org_name    VARCHAR(40) NOT NULL,
    org_country INT UNSIGNED NOT NULL,
    org_factor  INT UNSIGNED NOT NULL,
    org_url     VARCHAR(1500),
    FOREIGN KEY (org_country) REFERENCES Country (country_ID),
    FOREIGN KEY (org_factor) REFERENCES Factor (factor_ID)
);

CREATE TABLE IF NOT EXISTS Preference
(
    pref_ID     INT AUTO_INCREMENT PRIMARY KEY,
    user_ID     INT          NOT NULL,
    pref_date   DATETIME DEFAULT CURRENT_TIMESTAMP,
    top_country INT UNSIGNED NOT NULL,
    factorID_1  INT UNSIGNED NOT NULL,
    weight1     FLOAT,
    factorID_2  INT UNSIGNED NOT NULL,
    weight2     FLOAT,
    factorID_3  INT UNSIGNED NOT NULL,
    weight3     FLOAT,
    factorID_4  INT UNSIGNED NOT NULL,
    weight4     FLOAT,
    FOREIGN KEY (user_ID) REFERENCES User (user_ID)
);

CREATE TABLE IF NOT EXISTS Predicted_Score
(
    pred_ID    INT AUTO_INCREMENT PRIMARY KEY,
    factor_ID  INT UNSIGNED NOT NULL,
    country_ID INT UNSIGNED NOT NULL,
    pred_score FLOAT,
    FOREIGN KEY (factor_ID) REFERENCES Factor (factor_ID),
    FOREIGN KEY (country_ID) REFERENCES Country (country_ID)
);

CREATE TABLE IF NOT EXISTS University
(
    university_ID       INT AUTO_INCREMENT PRIMARY KEY,
    country_ID   INT UNSIGNED NOT NULL,
    university_name VARCHAR(500),
    uni_url         VARCHAR(500),
    user_ID INT NOT NULL,
    FOREIGN KEY (user_ID) REFERENCES User (user_ID),
    FOREIGN KEY (country_ID) REFERENCES Country (country_ID)
);

CREATE TABLE IF NOT EXISTS Policy_News
(
    policy_ID  INT AUTO_INCREMENT PRIMARY KEY,
    factor_ID  INT UNSIGNED NOT NULL,
    country_ID INT UNSIGNED NOT NULL,
    urls        VARCHAR(500),
    title      VARCHAR(500),
    date_created       DATE,
    FOREIGN KEY (factor_ID) REFERENCES Factor (factor_ID),
    FOREIGN KEY (country_ID) REFERENCES Country (country_ID)
);

CREATE TABLE IF NOT EXISTS ML_Country
(
    country_ID   INT UNSIGNED PRIMARY KEY,
    country_name VARCHAR(30) NOT NULL
);

CREATE TABLE IF NOT EXISTS ML_Score
(
    score_ID  INT AUTO_INCREMENT PRIMARY KEY,
    country_ID INT UNSIGNED NOT NULL,
    country_name VARCHAR(100) NOT NULL,
    score_year       INT NOT NULL,
    health_score      FLOAT NOT NULL,
    education_score   FLOAT NOT NULL,
    safety_score     FLOAT NOT NULL,
    environment_score FLOAT NOT NULL,
    qol_score FLOAT NOT NULL,
    FOREIGN KEY (country_ID) REFERENCES ML_Country (country_ID)
);

-- INSERT INTO University
--     VALUES(1, "University of Vienna", "url"), (1, "Vienna University of Technology", "url"), (1, "University of Innsbruck", "url"),
--           (2, "KU Leuven", "url"), (2, "University of Antwerp", "url"), (2, "Ghent University", "url"),
--           (3, "Sofia University", "url"), (3, "International School of Culinary Arts and Crafts ‘Sharena Fabrika’", "url"), (3, "University of Ruse", "url"),
--           (4, "University of Zagreb", "url"), (4, "University of Split", "url"), (4, "Josip Juraj Strossmayer University of Osijek", "url"),
--           (5, "Charles University", "url"), (5, "Czech Technical University in Prague", "url"), (5, "Masaryk University", "url"),
--           (6, "University of Copenhagen", "url"), (6, "Technical University of Denmark", "url"), (6, "Aarhus University", "url"),
--           (7, "University of Tartu", "url"), (7, "Tallinn University of Technology", "url"), (7, "Tallinn University", "url"),
--           (8, "University of Helsinki", "url"), (8, "Aalto University", "url"), (8, "University of Oulu", "url"),
--           (9, "Sorbonne University", "url"), (9, "University of Paris-Saclay", "url"), (9, "Université PSL", "url"),
--           (10, "Ludwig Maximilian University of Munich", "url"), (10, "Technical University of Munich", "url"), (10, "Heidelberg University", "url"),
--           (11, "National and Kapodistrian University of Athens", "url"), (11, "Aristotle University of Thessaloniki", "url"), (11, "Aristotle University of Thessaloniki", "url"),
--           (12, "Eötvös Loránd University", "url"), (12, "Budapest University of Technology and Economics", "url"), (12, "Budapest University of Technology and Economics", "url"),
--           (13, "Trinity College Dublin", "url"), (13, "University College Dublin", "url"), (13, "University College Dublin", "url"),
--           (14, "University of Bologna", "url"), (14, "Sapienza University of Rome", "url"), (14, "Sapienza University of Rome", "url"),
--           (15, "University of Latvia", "url"), (15, "Riga Technical University", "url"), (15, "Riga Technical University", "url"),
--           (16, "Vilnius University", "url"), (16, "Vilnius Gediminas Technical University", 'https://www.vgtu.lt/'), (16, "Vilnius Gediminas Technical University", 'https://www.vgtu.lt/'),
--           (17, 'University of Luxembourg', 'https://wwwen.uni.lu/'), (17, 'University of Luxembourg', 'https://wwwen.uni.lu/'), (17, 'University of Luxembourg', 'https://wwwen.uni.lu/'),
--           (18, 'University of Warsaw', 'https://www.uw.edu.pl/en/'), (18, 'University of Warsaw', 'https://www.uw.edu.pl/en/'), (18, 'University of Warsaw', 'https://www.uw.edu.pl/en/'),
--           (19,'University of Porto', 'https://sigarra.up.pt/up/en/web_page.inicial'),  (19,'University of Porto', 'https://sigarra.up.pt/up/en/web_page.inicial'),  (19,'University of Porto', 'https://sigarra.up.pt/up/en/web_page.inicial'),
--           (20,'Bucharest University', 'https://unibuc.ro/en/'), (20,'Bucharest University', 'https://unibuc.ro/en/'), (20,'Bucharest University', 'https://unibuc.ro/en/'),
--           (21,'Comenius University', 'https'), (21,'Comenius University', 'https'), (21,'Comenius University', 'https'),
--           (22,'Comenius University', 'https'), (22,'Comenius University', 'https'), (22,'Comenius University', 'https'),
--           (23,'Comenius University', 'https'), (23,'Comenius University', 'https'), (23,'Comenius University', 'https'),
--           (24,'Comenius University', 'https'), (24,'Comenius University', 'https'), (24,'Comenius University', 'https');

        

INSERT INTO ML_Country 
    VALUES(1,"Austria"),
          (2,"Belgium"), 
          (3,"Bulgaria"), 
          (4,"Croatia"), 
          (5,"Cyprus"),
          (6,"Czechia"), 
          (7,"Denmark"), 
          (8,"Estonia"), 
          (9,"Finland"), 
          (10,"France"), 
          (11,"Germany"), 
          (12,"Greece"),
          (13,"Hungary"), 
          (14,"Ireland"), 
          (15,"Italy"), 
          (16,"Latvia"), 
          (17,"Lithuania"), 
          (18,"Luxembourg"), 
          (19,"Malta"),
          (20,"Netherlands"),
          (21,"Poland"), 
          (22,"Portugal"),
          (23,"Romania"), 
          (24,"Slovakia"), 
          (25,"Slovenia"), 
          (26,"Spain"), 
          (27,"Sweden");

INSERT INTO Country 
    VALUES(1,"Austria"),
          (2,"Belgium"), 
          (3,"Bulgaria"), 
          (4,"Croatia"), 
          (5,"Cyprus"),
          (6,"Czechia"), 
          (7,"Denmark"), 
          (8,"Estonia"), 
          (9,"Finland"), 
          (10,"France"), 
          (11,"Germany"), 
          (12,"Greece"),
          (13,"Hungary"), 
          (14,"Ireland"), 
          (15,"Italy"), 
          (16,"Latvia"), 
          (17,"Lithuania"), 
          (18,"Luxembourg"), 
          (19,"Malta"),
          (20,"Netherlands"),
          (21,"Poland"), 
          (22,"Portugal"),
          (23,"Romania"), 
          (24,"Slovakia"), 
          (25,"Slovenia"), 
          (26,"Spain"), 
          (27,"Sweden");

INSERT INTO ML_Score(country_ID,country_name,score_year,health_score,education_score,safety_score,environment_score,qol_score) VALUES (1,'Austria',2012,-0.0726371764091414,-1.3042268315115002,-0.44647089828964365,0.07707122909569004,1.261656080920897);
INSERT INTO ML_Score(country_ID,country_name,score_year,health_score,education_score,safety_score,environment_score,qol_score) VALUES (1,'Austria',2013,-0.37893852271274214,-1.2045571211199142,-0.06115162336611681,0.18137815569136087,1.1506567675248562);
INSERT INTO ML_Score(country_ID,country_name,score_year,health_score,education_score,safety_score,environment_score,qol_score) VALUES (1,'Austria',2014,-0.8712085435578153,0.20681519763501174,-0.031643198247176305,-0.07938916079781597,1.0396574541288153);
INSERT INTO ML_Score(country_ID,country_name,score_year,health_score,education_score,safety_score,environment_score,qol_score) VALUES (1,'Austria',2015,-0.8055725407784728,0.313867849537086,0.028136932516285174,0.12922469239352524,0.9332557454296511);
INSERT INTO ML_Score(country_ID,country_name,score_year,health_score,education_score,safety_score,environment_score,qol_score) VALUES (1,'Austria',2016,-1.0134198829130598,0.4159985404321672,0.07629993368041207,0.024917765797854863,0.7848187937876085);
INSERT INTO ML_Score(country_ID,country_name,score_year,health_score,education_score,safety_score,environment_score,qol_score) VALUES (1,'Austria',2017,-1.0024805491165034,0.491058445788794,0.1749768400274537,0.18137815569136087,0.9595277722689514);
INSERT INTO ML_Score(country_ID,country_name,score_year,health_score,education_score,safety_score,environment_score,qol_score) VALUES (1,'Austria',2018,-1.0462378843027311,0.5353560948517205,0.15174258082878456,0.25960835063811366,1.1000831158592048);
INSERT INTO ML_Score(country_ID,country_name,score_year,health_score,education_score,safety_score,environment_score,qol_score) VALUES (1,'Austria',2019,-0.9477838801337158,0.655944139523022,0.1912805120538523,0.41606874053162013,1.163135980273523);
INSERT INTO ML_Score(country_ID,country_name,score_year,health_score,education_score,safety_score,environment_score,qol_score) VALUES (1,'Austria',2020,-0.6414825338301151,0.6645575712852578,0.14575846150823377,0.024917765797854863,1.1289823453824337);
INSERT INTO ML_Score(country_ID,country_name,score_year,health_score,education_score,safety_score,environment_score,qol_score) VALUES (1,'Austria',2021,-0.06169784261258484,0.7433089473971283,0.06448435114442659,0.024917765797854863,0.991054204476111);
INSERT INTO ML_Score(country_ID,country_name,score_year,health_score,education_score,safety_score,environment_score,qol_score) VALUES (1,'Austria',2022,-0.16015184678159852,0.8257517942642427,0.06098852633726809,-0.027235697499980782,0.9043565159064223);
INSERT INTO ML_Score(country_ID,country_name,score_year,health_score,education_score,safety_score,environment_score,qol_score) VALUES (2,'Belgium',2011,0.39775417684281705,0.5599658998866808,-0.26580239788474924,0.7550662519675497,0.9253741373778621);
INSERT INTO ML_Score(country_ID,country_name,score_year,health_score,education_score,safety_score,environment_score,qol_score) VALUES (2,'Belgium',2012,0.6384195203670738,0.6854759055649736,-0.30382903366916764,0.676836057020797,0.7335883414509734);
INSERT INTO ML_Score(country_ID,country_name,score_year,health_score,education_score,safety_score,environment_score,qol_score) VALUES (2,'Belgium',2013,0.47432951341871765,0.728543064376152,-0.3025314567756809,0.6507593253718789,0.7138843213214991);
INSERT INTO ML_Score(country_ID,country_name,score_year,health_score,education_score,safety_score,environment_score,qol_score) VALUES (2,'Belgium',2014,0.5180868486049486,0.8651274823201779,0.3647741755182904,0.4942989354783729,0.6941803011920248);
INSERT INTO ML_Score(country_ID,country_name,score_year,health_score,education_score,safety_score,environment_score,qol_score) VALUES (2,'Belgium',2015,0.5509048499946182,0.8675884628236734,0.3269917895020577,0.5986058620740438,0.6836714904563049);
INSERT INTO ML_Score(country_ID,country_name,score_year,health_score,education_score,safety_score,environment_score,qol_score) VALUES (2,'Belgium',2016,0.43057217823248983,0.9377264071733088,0.37162843463800294,0.5464523987762085,0.6337546394616352);
INSERT INTO ML_Score(country_ID,country_name,score_year,health_score,education_score,safety_score,environment_score,qol_score) VALUES (2,'Belgium',2017,0.4305721782324883,1.242887989606805,0.4124334115355342,0.5203756671272904,0.681044287772374);
INSERT INTO ML_Score(country_ID,country_name,score_year,health_score,education_score,safety_score,environment_score,qol_score) VALUES (2,'Belgium',2018,0.3868148430462605,1.2810331874109926,0.4358203268393194,0.5203756671272904,0.6757898824045148);
INSERT INTO ML_Score(country_ID,country_name,score_year,health_score,education_score,safety_score,environment_score,qol_score) VALUES (2,'Belgium',2019,0.1680281671151169,1.2982600509354643,0.4962568788547801,0.4942989354783729,0.5982874032285804);
INSERT INTO ML_Score(country_ID,country_name,score_year,health_score,education_score,safety_score,environment_score,qol_score) VALUES (2,'Belgium',2020,0.46339017962215956,1.5012909424738798,0.46798496818727997,0.25960835063811366,0.5588793629696307);
INSERT INTO ML_Score(country_ID,country_name,score_year,health_score,education_score,safety_score,environment_score,qol_score) VALUES (2,'Belgium',2021,0.6384195203670738,1.7781512491171738,0.38851219986384267,0.3117618139359493,0.5207849240526462);
INSERT INTO ML_Score(country_ID,country_name,score_year,health_score,education_score,safety_score,environment_score,qol_score) VALUES (2,'Belgium',2022,0.4415115120290449,1.824909878683597,0.4074720881192612,0.1553014240424433,0.5917193965187557);
INSERT INTO ML_Score(country_ID,country_name,score_year,health_score,education_score,safety_score,environment_score,qol_score) VALUES (3,'Bulgaria',2011,0.5071475148083889,-0.9264663242248723,-0.4332050827550553,-0.13154262409565137,-3.3096765891172453);
INSERT INTO ML_Score(country_ID,country_name,score_year,health_score,education_score,safety_score,environment_score,qol_score) VALUES (3,'Bulgaria',2012,0.48526884721527574,-0.8612503408822295,-0.4316632560933828,-0.2880030139891576,-3.1888252656564666);
INSERT INTO ML_Score(country_ID,country_name,score_year,health_score,education_score,safety_score,environment_score,qol_score) VALUES (3,'Bulgaria',2013,0.6165408527739606,-0.6877512153857652,-0.4302588199263147,-0.41838667223374604,-3.033163506633616);
INSERT INTO ML_Score(country_ID,country_name,score_year,health_score,education_score,safety_score,environment_score,qol_score) VALUES (3,'Bulgaria',2014,0.5180868486049455,-0.5240960119032845,-0.4274041507606438,-0.3140797456380752,-2.8775017476107654);
INSERT INTO ML_Score(country_ID,country_name,score_year,health_score,education_score,safety_score,environment_score,qol_score) VALUES (3,'Bulgaria',2015,0.34305750786003114,-0.48102885309210563,-0.41563436505619317,-0.1576193557445692,-2.878815348952731);
INSERT INTO ML_Score(country_ID,country_name,score_year,health_score,education_score,safety_score,environment_score,qol_score) VALUES (3,'Bulgaria',2016,0.8900241976878902,-0.44657512604316263,-0.4045210006037417,-0.3140797456380752,-2.225955481996133);
INSERT INTO ML_Score(country_ID,country_name,score_year,health_score,education_score,safety_score,environment_score,qol_score) VALUES (3,'Bulgaria',2017,0.6274801865705173,-0.42934826251869096,-0.4006893323653278,-0.20977281904240438,-1.9382767881058025);
INSERT INTO ML_Score(country_ID,country_name,score_year,health_score,education_score,safety_score,environment_score,qol_score) VALUES (3,'Bulgaria',2018,0.9009635314844467,-0.4035079672319834,-0.3923390434154776,-0.3662332089359106,-1.8358158834325335);
INSERT INTO ML_Score(country_ID,country_name,score_year,health_score,education_score,safety_score,environment_score,qol_score) VALUES (3,'Bulgaria',2019,1.0322355370431349,-0.47241542132986974,-0.39334657370924375,-0.3662332089359106,-1.7162781613137197);
INSERT INTO ML_Score(country_ID,country_name,score_year,health_score,education_score,safety_score,environment_score,qol_score) VALUES (3,'Bulgaria',2020,0.8790848638913337,-0.3370614936375929,-0.40181898754318685,-0.6009237937761697,-1.5008475412314628);
INSERT INTO ML_Score(country_ID,country_name,score_year,health_score,education_score,safety_score,environment_score,qol_score) VALUES (3,'Bulgaria',2021,0.3649361754531443,-0.2878418835676737,-0.4018342531536985,-0.3401564772869928,-1.362919400325139);
INSERT INTO ML_Score(country_ID,country_name,score_year,health_score,education_score,safety_score,environment_score,qol_score) VALUES (3,'Bulgaria',2022,1.0978715398224772,-0.23000884173551905,-0.3950868533075672,-0.1576193557445692,-1.2381272728384658);
INSERT INTO ML_Score(country_ID,country_name,score_year,health_score,education_score,safety_score,environment_score,qol_score) VALUES (4,'Croatia',2011,-0.20390918196782787,-1.4703430154974766,-0.35828146636407754,-0.7834609153185935,-1.0318918621499635);
INSERT INTO ML_Score(country_ID,country_name,score_year,health_score,education_score,safety_score,environment_score,qol_score) VALUES (4,'Croatia',2012,0.2993001726738018,-1.2869999679870285,-0.3654868345255571,-0.8616911102653465,-0.981975011155295);
INSERT INTO ML_Score(country_ID,country_name,score_year,health_score,education_score,safety_score,environment_score,qol_score) VALUES (4,'Croatia',2013,-0.5867858648473292,-1.0544373104066616,-0.43589183020509853,-0.9659980368610173,-0.9176085453990103);
INSERT INTO ML_Score(country_ID,country_name,score_year,health_score,education_score,safety_score,environment_score,qol_score) VALUES (4,'Croatia',2014,-0.5211498620679867,-0.975685934294791,-0.4355254555528199,-0.9920747685099349,-0.8532420796427256);
INSERT INTO ML_Score(country_ID,country_name,score_year,health_score,education_score,safety_score,environment_score,qol_score) VALUES (4,'Croatia',2015,-1.2322065588442035,-0.8624808311339772,-0.43346459813375265,-0.9399213052120997,-1.209228043315236);
INSERT INTO ML_Score(country_ID,country_name,score_year,health_score,education_score,safety_score,environment_score,qol_score) VALUES (4,'Croatia',2016,-0.8274512083715859,-0.8329490650920265,-0.29950886589438225,-0.9138445735631819,-1.465380304998408);
INSERT INTO ML_Score(country_ID,country_name,score_year,health_score,education_score,safety_score,environment_score,qol_score) VALUES (4,'Croatia',2017,-0.8821478773543734,-0.7640416109941397,-0.29654733745513007,-0.7834609153185935,-1.428599467423389);
INSERT INTO ML_Score(country_ID,country_name,score_year,health_score,education_score,safety_score,environment_score,qol_score) VALUES (4,'Croatia',2018,-0.9149658787440447,-0.6176132710361311,-0.3058898910882349,-0.8877678419142643,-1.282789718465275);
INSERT INTO ML_Score(country_ID,country_name,score_year,health_score,education_score,safety_score,environment_score,qol_score) VALUES (4,'Croatia',2019,-0.9259052125406012,-0.5757766024766996,-0.3059051566987465,-0.8877678419142643,-1.186896820501832);
INSERT INTO ML_Score(country_ID,country_name,score_year,health_score,education_score,safety_score,environment_score,qol_score) VALUES (4,'Croatia',2020,-0.6852398690163445,-0.5523972876934883,-0.33616159673275586,-0.9138445735631819,-0.6916691145810335);
INSERT INTO ML_Score(country_ID,country_name,score_year,health_score,education_score,safety_score,environment_score,qol_score) VALUES (4,'Croatia',2021,-0.6743005352197879,-0.5536277779452361,-0.3402069835183323,-0.8877678419142643,-0.3724639884835421);
INSERT INTO ML_Score(country_ID,country_name,score_year,health_score,education_score,safety_score,environment_score,qol_score) VALUES (4,'Croatia',2022,-0.3133025199333997,-0.4834898335956015,-0.3366348306586157,-0.8095376469675113,-0.3724639884835421);
INSERT INTO ML_Score(country_ID,country_name,score_year,health_score,education_score,safety_score,environment_score,qol_score) VALUES (5,'Cyprus',2011,-0.0835765102056995,0.8614360115649339,-0.46256085176887973,0.5725291304251261,0.00979400202826856);
INSERT INTO ML_Score(country_ID,country_name,score_year,health_score,education_score,safety_score,environment_score,qol_score) VALUES (5,'Cyprus',2012,0.4415115120290464,1.0152472930334306,-0.46112588438078844,0.3639152772337845,0.0754740691265175);
INSERT INTO ML_Score(country_ID,country_name,score_year,health_score,education_score,safety_score,environment_score,qol_score) VALUES (5,'Cyprus',2013,0.6493588541636335,1.122299944935505,-0.4616449151381832,0.1553014240424433,-0.4348600522268787);
INSERT INTO ML_Score(country_ID,country_name,score_year,health_score,education_score,safety_score,environment_score,qol_score) VALUES (5,'Cyprus',2014,0.9337815328741165,1.267497794641765,-0.460362603855208,0.3117618139359493,-0.9451941735802748);
INSERT INTO ML_Score(country_ID,country_name,score_year,health_score,education_score,safety_score,environment_score,qol_score) VALUES (5,'Cyprus',2015,0.34305750786003114,1.2047427918026186,-0.4626524454319494,0.33783854558486687,-1.133039165481267);
INSERT INTO ML_Score(country_ID,country_name,score_year,health_score,education_score,safety_score,environment_score,qol_score) VALUES (5,'Cyprus',2016,1.4151122199226362,1.322869855970424,-0.4634767883995763,0.4942989354783729,-1.034519064833893);
INSERT INTO ML_Score(country_ID,country_name,score_year,health_score,education_score,safety_score,environment_score,qol_score) VALUES (5,'Cyprus',2017,0.7806308597223184,1.3782419172990823,-0.4624997893268333,0.4682222038294553,-0.8493012756168317);
INSERT INTO ML_Score(country_ID,country_name,score_year,health_score,education_score,safety_score,environment_score,qol_score) VALUES (5,'Cyprus',2018,0.113331498132331,1.5234397670053432,-0.45941613600348824,0.41606874053162013,-0.4762384944987754);
INSERT INTO ML_Score(country_ID,country_name,score_year,health_score,education_score,safety_score,environment_score,qol_score) VALUES (5,'Cyprus',2019,0.18990683470823,1.5554325135507912,-0.46109535315976524,0.25960835063811366,-0.3278015428567329);
INSERT INTO ML_Score(country_ID,country_name,score_year,health_score,education_score,safety_score,environment_score,qol_score) VALUES (5,'Cyprus',2020,0.2446035036910159,1.5960386918584741,-0.4639347567149245,0.12922469239352524,-0.24373105697097389);
INSERT INTO ML_Score(country_ID,country_name,score_year,health_score,education_score,safety_score,environment_score,qol_score) VALUES (5,'Cyprus',2021,0.8681455300947771,1.785534190627662,-0.4640568815990174,0.1553014240424433,-0.24635825965490357);
INSERT INTO ML_Score(country_ID,country_name,score_year,health_score,education_score,safety_score,environment_score,qol_score) VALUES (5,'Cyprus',2022,0.9447208666706761,1.989795572417826,-0.4612022124333465,0.12922469239352524,-0.3658959817737173);
INSERT INTO ML_Score(country_ID,country_name,score_year,health_score,education_score,safety_score,environment_score,qol_score) VALUES (6,'Czechia',2011,0.26648217128413215,-1.4198929151758095,-0.4213589689980466,1.0419103001056442,-0.06376767312177058);
INSERT INTO ML_Score(country_ID,country_name,score_year,health_score,education_score,safety_score,environment_score,qol_score) VALUES (6,'Czechia',2012,0.33211817406347305,-1.2697731044625569,-0.41862642471646855,0.9376033735099738,-0.15571976705931978);
INSERT INTO ML_Score(country_ID,country_name,score_year,health_score,education_score,safety_score,environment_score,qol_score) VALUES (6,'Czechia',2013,0.36493617545314583,-1.1270362352597918,-0.3987353342198418,0.8332964469143029,-0.014507622798084152);
INSERT INTO ML_Score(country_ID,country_name,score_year,health_score,education_score,safety_score,environment_score,qol_score) VALUES (6,'Czechia',2014,0.5509048499946182,-1.019983583357718,-0.3914078411742694,0.7811429836164673,0.12670452146315145);
INSERT INTO ML_Score(country_ID,country_name,score_year,health_score,education_score,safety_score,environment_score,qol_score) VALUES (6,'Czechia',2015,0.2993001726738018,-0.9498456390080835,-0.39214059047882666,0.7811429836164673,0.2462422435819652);
INSERT INTO ML_Score(country_ID,country_name,score_year,health_score,education_score,safety_score,environment_score,qol_score) VALUES (6,'Czechia',2016,0.36493617545314583,-0.8489454383647496,-0.3918658094896177,0.8332964469143029,0.26331906102750985);
INSERT INTO ML_Score(country_ID,country_name,score_year,health_score,education_score,safety_score,environment_score,qol_score) VALUES (6,'Czechia',2017,-0.03981917501947017,-0.7628111207423915,-0.3913773099532462,0.8854499102121381,0.3973063979079386);
INSERT INTO ML_Score(country_ID,country_name,score_year,health_score,education_score,safety_score,environment_score,qol_score) VALUES (6,'Czechia',2018,0.2446035036910159,-0.7394318059591799,-0.39342290176180184,0.9376033735099738,0.5825241871250012);
INSERT INTO ML_Score(country_ID,country_name,score_year,health_score,education_score,safety_score,environment_score,qol_score) VALUES (6,'Czechia',2019,0.10239216433577443,-0.7665025914976356,-0.40328448615230134,0.9376033735099738,0.6600266663009343);
INSERT INTO ML_Score(country_ID,country_name,score_year,health_score,education_score,safety_score,environment_score,qol_score) VALUES (6,'Czechia',2020,0.00393816016675918,-0.7049780789102369,-0.41287128955359187,0.7811429836164673,0.7309611387670438);
INSERT INTO ML_Score(country_ID,country_name,score_year,health_score,education_score,safety_score,environment_score,qol_score) VALUES (6,'Czechia',2021,0.0805134967426582,-0.5204045411480408,-0.41279496150103384,0.8854499102121381,0.6718490783786196);
INSERT INTO ML_Score(country_ID,country_name,score_year,health_score,education_score,safety_score,environment_score,qol_score) VALUES (6,'Czechia',2022,0.025816827759872298,-0.47487640183336566,-0.4127338990589874,0.7029127886697145,0.5733289777312456);
INSERT INTO ML_Score(country_ID,country_name,score_year,health_score,education_score,safety_score,environment_score,qol_score) VALUES (7,'Denmark',2011,0.025816827759872298,0.09114911397070248,-0.1246107662628761,0.7550662519675497,1.901379934457844);
INSERT INTO ML_Score(country_ID,country_name,score_year,health_score,education_score,safety_score,environment_score,qol_score) VALUES (7,'Denmark',2012,-0.0726371764091414,0.2105066683902558,-0.12358797035859828,0.5203756671272904,1.6872629157175514);
INSERT INTO ML_Score(country_ID,country_name,score_year,health_score,education_score,safety_score,environment_score,qol_score) VALUES (7,'Denmark',2013,-0.2804845185437269,0.27818363223639403,-0.08327149299743848,0.5725291304251261,1.578234004334458);
INSERT INTO ML_Score(country_ID,country_name,score_year,health_score,education_score,safety_score,environment_score,qol_score) VALUES (7,'Denmark',2014,-0.18203051437471476,0.3310947130615573,-0.047992667105109715,0.3639152772337845,1.4692050929513647);
INSERT INTO ML_Score(country_ID,country_name,score_year,health_score,education_score,safety_score,environment_score,qol_score) VALUES (7,'Denmark',2015,-0.5867858648473292,0.44060834546712657,-0.09806386958318776,0.18137815569136087,1.4678914916093995);
INSERT INTO ML_Score(country_ID,country_name,score_year,health_score,education_score,safety_score,environment_score,qol_score) VALUES (7,'Denmark',2016,-0.30236318613684315,0.551352468124444,-0.11531400946130611,0.2856850822870317,1.46263708624154);
INSERT INTO ML_Score(country_ID,country_name,score_year,health_score,education_score,safety_score,environment_score,qol_score) VALUES (7,'Denmark',2017,-0.4226958578989715,0.7088552203481848,-0.05423630180435786,0.1553014240424433,1.5059859305263839);
INSERT INTO ML_Score(country_ID,country_name,score_year,health_score,education_score,safety_score,environment_score,qol_score) VALUES (7,'Denmark',2018,-0.19296984817127133,0.7297735546279006,-0.016285994072497485,0.23353161898919605,1.565097990914808);
INSERT INTO ML_Score(country_ID,country_name,score_year,health_score,education_score,safety_score,environment_score,qol_score) VALUES (7,'Denmark',2019,-0.6086645324404439,0.8282127747677381,0.026213465591822423,-0.0011589658510631894,1.6255236526451975);
INSERT INTO ML_Score(country_ID,country_name,score_year,health_score,education_score,safety_score,environment_score,qol_score) VALUES (7,'Denmark',2020,-0.8274512083715859,0.8429786577887135,-0.0002418374247962558,-0.13154262409565137,1.5913700177541081);
INSERT INTO ML_Score(country_ID,country_name,score_year,health_score,education_score,safety_score,environment_score,qol_score) VALUES (7,'Denmark',2021,-1.1337525546751883,0.9537227804460319,-0.03924547228195766,-0.1576193557445692,1.612387639225548);
INSERT INTO ML_Score(country_ID,country_name,score_year,health_score,education_score,safety_score,environment_score,qol_score) VALUES (7,'Denmark',2022,-1.2759638940304312,0.9721801342222514,0.0004909118797609839,-0.2619262823402398,1.5467075721272991);
INSERT INTO ML_Score(country_ID,country_name,score_year,health_score,education_score,safety_score,environment_score,qol_score) VALUES (8,'Estonia',2011,-1.2322065588442035,0.5390475656069642,-0.41851956544288726,1.3287543482437392,-1.4167770553457038);
INSERT INTO ML_Score(country_ID,country_name,score_year,health_score,education_score,safety_score,environment_score,qol_score) VALUES (8,'Estonia',2012,-1.429114567182231,0.6067245294531033,-0.406383405086158,1.4591380064883275,-1.2906713265170653);
INSERT INTO ML_Score(country_ID,country_name,score_year,health_score,education_score,safety_score,environment_score,qol_score) VALUES (8,'Estonia',2013,-1.352539230606332,0.6067245294531033,-0.4060475616549026,2.0589028344134346,-1.2887009245041177);
INSERT INTO ML_Score(country_ID,country_name,score_year,health_score,education_score,safety_score,environment_score,qol_score) VALUES (8,'Estonia',2014,-1.429114567182231,0.6202599222223308,-0.4149932094147056,2.0589028344134346,-1.2867305224911703);
INSERT INTO ML_Score(country_ID,country_name,score_year,health_score,education_score,safety_score,environment_score,qol_score) VALUES (8,'Estonia',2015,-1.4619325685719038,0.4873669750335499,-0.40079619163890906,1.563444933083998,-1.1711336043982516);
INSERT INTO ML_Score(country_ID,country_name,score_year,health_score,education_score,safety_score,environment_score,qol_score) VALUES (8,'Estonia',2016,-1.0899952194889588,0.6325648247398108,-0.3905529669856193,2.0589028344134346,-1.0476550782535439);
INSERT INTO ML_Score(country_ID,country_name,score_year,health_score,education_score,safety_score,environment_score,qol_score) VALUES (8,'Estonia',2017,-1.2540852264373166,0.6571746297747706,-0.3881867973563199,2.267516687604775,-0.8795141064820259);
INSERT INTO ML_Score(country_ID,country_name,score_year,health_score,education_score,safety_score,environment_score,qol_score) VALUES (8,'Estonia',2018,-1.7135372458927185,0.6694795322922497,-0.40807788785294663,2.4500538091471995,-0.6772194998194185);
INSERT INTO ML_Score(country_ID,country_name,score_year,health_score,education_score,safety_score,environment_score,qol_score) VALUES (8,'Estonia',2019,-1.2869032278269894,0.7999114989775352,-0.4158175523823325,1.3287543482437392,-0.5077649267059351);
INSERT INTO ML_Score(country_ID,country_name,score_year,health_score,education_score,safety_score,environment_score,qol_score) VALUES (8,'Estonia',2020,-0.9040265449474881,0.8577445408096898,-0.4203514387042804,0.3117618139359493,-0.28839350259778307);
INSERT INTO ML_Score(country_ID,country_name,score_year,health_score,education_score,safety_score,environment_score,qol_score) VALUES (8,'Estonia',2021,-1.1446918884717447,0.9488008194390402,-0.42158795315572073,0.4942989354783729,-0.08872609861910542);
INSERT INTO ML_Score(country_ID,country_name,score_year,health_score,education_score,safety_score,environment_score,qol_score) VALUES (8,'Estonia',2022,-0.5211498620679867,1.0447790590753823,-0.4255417462782275,0.6246825937229613,0.061024454364902524);
INSERT INTO ML_Score(country_ID,country_name,score_year,health_score,education_score,safety_score,environment_score,qol_score) VALUES (9,'Finland',2011,-0.8055725407784728,0.6067245294531033,-0.16552260243398864,0.1553014240424433,1.5375123627335434);
INSERT INTO ML_Score(country_ID,country_name,score_year,health_score,education_score,safety_score,environment_score,qol_score) VALUES (9,'Finland',2012,-1.0790558856924024,0.6473307077607862,-0.1699801607033785,-0.20977281904240438,1.2879281077601972);
INSERT INTO ML_Score(country_ID,country_name,score_year,health_score,education_score,safety_score,environment_score,qol_score) VALUES (9,'Finland',2013,-0.9313748794388803,0.7408479668936329,-0.13099179145672873,0.12922469239352524,1.2990937191668992);
INSERT INTO ML_Score(country_ID,country_name,score_year,health_score,education_score,safety_score,environment_score,qol_score) VALUES (9,'Finland',2014,-0.7836938731853582,0.8749714043341615,-0.14434920065438675,-0.13154262409565137,1.3102593305736012);
INSERT INTO ML_Score(country_ID,country_name,score_year,health_score,education_score,safety_score,environment_score,qol_score) VALUES (9,'Finland',2015,-0.8383905421681456,0.9660276829635109,-0.11913041208920841,-0.053312429148898374,1.319454539967357);
INSERT INTO ML_Score(country_ID,country_name,score_year,health_score,education_score,safety_score,environment_score,qol_score) VALUES (9,'Finland',2016,-0.7946332069819163,1.0152472930334306,-0.09336206154561213,0.2856850822870317,1.393016215117396);
INSERT INTO ML_Score(country_ID,country_name,score_year,health_score,education_score,safety_score,environment_score,qol_score) VALUES (9,'Finland',2017,-0.9477838801337174,1.058314451844609,-0.05492325427738027,0.3117618139359493,1.6071332338576874);
INSERT INTO ML_Score(country_ID,country_name,score_year,health_score,education_score,safety_score,environment_score,qol_score) VALUES (9,'Finland',2018,-0.9696625477268306,1.162906123243187,-0.03146001092103699,0.8593731785632206,1.7870966177068908);
INSERT INTO ML_Score(country_ID,country_name,score_year,health_score,education_score,safety_score,environment_score,qol_score) VALUES (9,'Finland',2019,-1.1884492236579742,1.3044125021942037,0.016886177569229225,0.5203756671272904,1.8396406713854903);
INSERT INTO ML_Score(country_ID,country_name,score_year,health_score,education_score,safety_score,environment_score,qol_score) VALUES (9,'Finland',2020,-1.0681165518958458,1.4533018226557095,0.08987106142523263,0.20745488734027848,1.882989515670334);
INSERT INTO ML_Score(country_ID,country_name,score_year,health_score,education_score,safety_score,environment_score,qol_score) VALUES (9,'Finland',2021,-0.0070011736297973795,0.9192690533970885,-0.04519906038148524,0.6507593253718789,1.8554038874890695);
INSERT INTO ML_Score(country_ID,country_name,score_year,health_score,education_score,safety_score,environment_score,qol_score) VALUES (9,'Finland',2022,-0.8274512083715875,0.9820240562362349,-0.09206448465212537,0.5725291304251261,1.8330726646756654);
INSERT INTO ML_Score(country_ID,country_name,score_year,health_score,education_score,safety_score,environment_score,qol_score) VALUES (10,'France',2011,0.32117884026691806,0.15390411680984847,-0.3863549240949268,-0.3401564772869928,0.4432824448767132);
INSERT INTO ML_Score(country_ID,country_name,score_year,health_score,education_score,safety_score,environment_score,qol_score) VALUES (10,'France',2012,0.3321181740634746,0.288027554250378,-0.3867518299682286,-0.3662332089359106,0.4669272690320826);
INSERT INTO ML_Score(country_ID,country_name,score_year,health_score,education_score,safety_score,environment_score,qol_score) VALUES (10,'France',2013,0.4305721782324883,0.4787535432713141,-0.37830994735530876,-0.3923099405848282,0.34279194221639164);
INSERT INTO ML_Score(country_ID,country_name,score_year,health_score,education_score,safety_score,environment_score,qol_score) VALUES (10,'France',2014,0.46339017962215956,0.6005720781943629,-0.3715930787302007,-0.5226935988294167,0.21865661540070067);
INSERT INTO ML_Score(country_ID,country_name,score_year,health_score,education_score,safety_score,environment_score,qol_score) VALUES (10,'France',2015,0.4196328444359302,0.6842454153132259,-0.36261689974937455,-0.496616867180499,0.09123728523009673);
INSERT INTO ML_Score(country_ID,country_name,score_year,health_score,education_score,safety_score,environment_score,qol_score) VALUES (10,'France',2016,0.3649361754531443,0.7568443401663559,3.2157032666138594,-0.47054013553158125,0.043947636919357866);
INSERT INTO ML_Score(country_ID,country_name,score_year,health_score,education_score,safety_score,environment_score,qol_score) VALUES (10,'France',2017,0.4415115120290464,0.8257517942642427,2.990627105230694,-0.44446340388266364,0.1056868999917117);
INSERT INTO ML_Score(country_ID,country_name,score_year,health_score,education_score,safety_score,environment_score,qol_score) VALUES (10,'France',2018,0.49620818101183234,1.0103253320264387,3.2954508159265057,-0.5487703304783345,0.2409878382141047);
INSERT INTO ML_Score(country_ID,country_name,score_year,health_score,education_score,safety_score,environment_score,qol_score) VALUES (10,'France',2019,0.5399655161980617,1.1641366134949356,3.25763789868925,-0.574847062127252,0.3355671348355836);
INSERT INTO ML_Score(country_ID,country_name,score_year,health_score,education_score,safety_score,environment_score,qol_score) VALUES (10,'France',2020,0.6384195203670738,1.3683979952850998,2.8489011772409145,-0.7573841836696759,0.36972076972667406);
INSERT INTO ML_Score(country_ID,country_name,score_year,health_score,education_score,safety_score,environment_score,qol_score) VALUES (10,'France',2021,0.9884782018569055,1.5062129034808724,3.9452315273531497,-0.6530772570740051,0.3657799657007789);
INSERT INTO ML_Score(country_ID,country_name,score_year,health_score,education_score,safety_score,environment_score,qol_score) VALUES (10,'France',2022,0.6056015189774041,1.5701983965717665,4.58786793306036,-0.7313074520207581,0.33162633080968845);
INSERT INTO ML_Score(country_ID,country_name,score_year,health_score,education_score,safety_score,environment_score,qol_score) VALUES (11,'Germany',2011,-0.7618152055922435,-0.5302484631620245,3.1331315793565655,0.8072197152653854,0.21471581137480558);
INSERT INTO ML_Score(country_ID,country_name,score_year,health_score,education_score,safety_score,environment_score,qol_score) VALUES (11,'Germany',2012,-0.8930872111509315,-0.44903610654665854,3.143390069620367,0.8332964469143029,0.34607594557130344);
INSERT INTO ML_Score(country_ID,country_name,score_year,health_score,education_score,safety_score,environment_score,qol_score) VALUES (11,'Germany',2013,-0.9477838801337158,-0.4108909087424711,3.3933644417479667,0.8854499102121381,0.397306397907938);
INSERT INTO ML_Score(country_ID,country_name,score_year,health_score,education_score,safety_score,environment_score,qol_score) VALUES (11,'Germany',2014,-1.1446918884717447,-0.5794680732319436,3.747663996111904,0.7811429836164673,0.4485368502445725);
INSERT INTO ML_Score(country_ID,country_name,score_year,health_score,education_score,safety_score,environment_score,qol_score) VALUES (11,'Germany',2015,1.0322355370431349,-0.5080996386305613,3.8372731298150495,0.7550662519675497,0.7690555776840282);
INSERT INTO ML_Score(country_ID,country_name,score_year,health_score,education_score,safety_score,environment_score,qol_score) VALUES (11,'Germany',2016,1.0103568694500187,-0.42196532100820283,4.142432683942117,0.7289895203186322,0.7125707199795337);
INSERT INTO ML_Score(country_ID,country_name,score_year,health_score,education_score,safety_score,environment_score,qol_score) VALUES (11,'Germany',2017,0.922842199077563,-0.3715152206865363,4.56965605972001,0.6507593253718789,0.7309611387670438);
INSERT INTO ML_Score(country_ID,country_name,score_year,health_score,education_score,safety_score,environment_score,qol_score) VALUES (11,'Germany',2018,0.8790848638913306,-0.31860413986137304,4.876220050014146,0.8072197152653854,0.757233165606344);
INSERT INTO ML_Score(country_ID,country_name,score_year,health_score,education_score,safety_score,environment_score,qol_score) VALUES (11,'Germany',2019,0.999417535653462,-0.21647344896629098,5.014908121512115,0.5986058620740438,0.8767708877251567);
INSERT INTO ML_Score(country_ID,country_name,score_year,health_score,education_score,safety_score,environment_score,qol_score) VALUES (11,'Germany',2020,0.8900241976878902,-0.05281824548381067,5.106593378244839,0.3899920088827021,0.9805453937403912);
INSERT INTO ML_Score(country_ID,country_name,score_year,health_score,education_score,safety_score,environment_score,qol_score) VALUES (11,'Germany',2021,0.8572061962982175,0.050542935663019116,5.034768680787718,0.44214547218053774,0.8215996313626276);
INSERT INTO ML_Score(country_ID,country_name,score_year,health_score,education_score,safety_score,environment_score,qol_score) VALUES (11,'Germany',2022,-0.13827317918848542,0.03946852339728737,4.723792929055728,0.44214547218053774,0.6350682408036006);
INSERT INTO ML_Score(country_ID,country_name,score_year,health_score,education_score,safety_score,environment_score,qol_score) VALUES (12,'Greece',2011,1.0650535384328077,-0.6717548421130417,-0.32746019874113863,0.5203756671272904,-0.3619551777478222);
INSERT INTO ML_Score(country_ID,country_name,score_year,health_score,education_score,safety_score,environment_score,qol_score) VALUES (12,'Greece',2012,0.6931161893498597,-0.5708546414697078,-0.32199511017798255,0.44214547218053774,-1.278848914439381);
INSERT INTO ML_Score(country_ID,country_name,score_year,health_score,education_score,safety_score,environment_score,qol_score) VALUES (12,'Greece',2013,0.7040555231464194,-0.4059689477354793,-0.3169727243196631,0.25960835063811366,-1.6584797022672608);
INSERT INTO ML_Score(country_ID,country_name,score_year,health_score,education_score,safety_score,environment_score,qol_score) VALUES (12,'Greece',2014,0.6165408527739606,-0.3505968864068206,-0.31114126110422846,0.20745488734027848,-2.0381104900951406);
INSERT INTO ML_Score(country_ID,country_name,score_year,health_score,education_score,safety_score,environment_score,qol_score) VALUES (12,'Greece',2015,0.5071475148083889,-0.2533881565187303,-0.3121793226190179,0.10314796074460764,-1.8069166539093036);
INSERT INTO ML_Score(country_ID,country_name,score_year,health_score,education_score,safety_score,environment_score,qol_score) VALUES (12,'Greece',2016,0.5618441837911747,-0.14018305335791692,-0.3076149050760467,-0.0011589658510631894,-1.5520779935680968);
INSERT INTO ML_Score(country_ID,country_name,score_year,health_score,education_score,safety_score,environment_score,qol_score) VALUES (12,'Greece',2017,0.6712375217567466,-0.02943893070059945,-0.28152597671170665,0.10314796074460764,-1.3799962177706848);
INSERT INTO ML_Score(country_ID,country_name,score_year,health_score,education_score,safety_score,environment_score,qol_score) VALUES (12,'Greece',2018,0.8243881949085478,0.024702640376311123,-0.27033628420669714,-0.0011589658510631894,-1.4732619130501983);
INSERT INTO ML_Score(country_ID,country_name,score_year,health_score,education_score,safety_score,environment_score,qol_score) VALUES (12,'Greece',2019,0.9447208666706761,0.04192950390078326,-0.26931348830241936,-0.1576193557445692,-1.1737608070821823);
INSERT INTO ML_Score(country_ID,country_name,score_year,health_score,education_score,safety_score,environment_score,qol_score) VALUES (12,'Greece',2020,0.922842199077563,0.15636509731334525,-0.2810985396173816,-0.41838667223374604,-0.9005317279534656);
INSERT INTO ML_Score(country_ID,country_name,score_year,health_score,education_score,safety_score,environment_score,qol_score) VALUES (12,'Greece',2021,0.8681455300947771,0.3815448133832238,-0.29399798049969134,-0.3401564772869928,-0.6049714260113437);
INSERT INTO ML_Score(country_ID,country_name,score_year,health_score,education_score,safety_score,environment_score,qol_score) VALUES (12,'Greece',2022,1.1635075426018198,0.4541437382363547,-0.2932804968056457,-0.3140797456380752,-0.6273026488247488);
INSERT INTO ML_Score(country_ID,country_name,score_year,health_score,education_score,safety_score,environment_score,qol_score) VALUES (13,'Hungary',2011,-0.7071185366094576,-1.1479545695395077,-0.38542372185371865,-0.5487703304783345,-1.925140774686153);
INSERT INTO ML_Score(country_ID,country_name,score_year,health_score,education_score,safety_score,environment_score,qol_score) VALUES (13,'Hungary',2012,-0.4226958578989715,-1.0187530931059703,-0.3972698356107273,-0.6270005254250874,-2.145825800136269);
INSERT INTO ML_Score(country_ID,country_name,score_year,health_score,education_score,safety_score,environment_score,qol_score) VALUES (13,'Hungary',2013,-0.46645319308520083,-0.9572285805185716,-0.39429304156096356,-0.6791539887229229,-2.1294057833617073);
INSERT INTO ML_Score(country_ID,country_name,score_year,health_score,education_score,safety_score,environment_score,qol_score) VALUES (13,'Hungary',2014,-0.40081719030585683,-0.8600198506304818,-0.38337813004516297,-0.7052307203718404,-2.1129857665871454);
INSERT INTO ML_Score(country_ID,country_name,score_year,health_score,education_score,safety_score,environment_score,qol_score) VALUES (13,'Hungary',2015,-0.5539678634576565,-0.7984953380430831,-0.3848283630437659,-0.6270005254250874,-1.6597933036092263);
INSERT INTO ML_Score(country_ID,country_name,score_year,health_score,education_score,safety_score,environment_score,qol_score) VALUES (13,'Hungary',2016,-0.40081719030585683,-0.857558870126986,-0.38895007788190034,-0.574847062127252,-1.424658663397494);
INSERT INTO ML_Score(country_ID,country_name,score_year,health_score,education_score,safety_score,environment_score,qol_score) VALUES (13,'Hungary',2017,-0.32424185372995623,-0.8255661235815384,-0.3782030880817275,-0.5226935988294167,-1.0358326661758586);
INSERT INTO ML_Score(country_ID,country_name,score_year,health_score,education_score,safety_score,environment_score,qol_score) VALUES (13,'Hungary',2018,-0.12733384539192885,-0.746814747469668,-0.3544040012941288,-0.5226935988294167,-0.854555680984691);
INSERT INTO ML_Score(country_ID,country_name,score_year,health_score,education_score,safety_score,environment_score,qol_score) VALUES (13,'Hungary',2019,0.014877493963315738,-0.6705243518612934,-0.37698183924079876,-0.5487703304783345,-0.536664156229165);
INSERT INTO ML_Score(country_ID,country_name,score_year,health_score,education_score,safety_score,environment_score,qol_score) VALUES (13,'Hungary',2020,0.18990683470823,-0.5487058169382443,-0.3775619324402399,-0.6270005254250874,-0.5471729669648849);
INSERT INTO ML_Score(country_ID,country_name,score_year,health_score,education_score,safety_score,environment_score,qol_score) VALUES (13,'Hungary',2021,0.18990683470823,-0.29645531532990954,-0.37043289233131843,-0.6009237937761697,-0.42369444082017604);
INSERT INTO ML_Score(country_ID,country_name,score_year,health_score,education_score,safety_score,environment_score,qol_score) VALUES (13,'Hungary',2022,0.20084616850478657,-0.280458942057186,-0.36360916443262914,-0.7052307203718404,-0.4828065012086002);
INSERT INTO ML_Score(country_ID,country_name,score_year,health_score,education_score,safety_score,environment_score,qol_score) VALUES (14,'Ireland',2011,1.207264877788046,0.9389568974250556,-0.2086021552977497,1.3809078115415743,1.1499999668538734);
INSERT INTO ML_Score(country_ID,country_name,score_year,health_score,education_score,safety_score,environment_score,qol_score) VALUES (14,'Ireland',2012,1.2182042115846057,1.1050730814110323,-0.2267834974170762,1.3548310798926566,0.8767708877251567);
INSERT INTO ML_Score(country_ID,country_name,score_year,health_score,education_score,safety_score,environment_score,qol_score) VALUES (14,'Ireland',2013,1.130689541212147,1.3437881902501398,-0.24288871650682387,1.3548310798926566,0.7874459964715383);
INSERT INTO ML_Score(country_ID,country_name,score_year,health_score,education_score,safety_score,environment_score,qol_score) VALUES (14,'Ireland',2014,1.1416288750087067,1.4594542739144492,-0.23469108366208977,1.3548310798926566,0.6981211052179199);
INSERT INTO ML_Score(country_ID,country_name,score_year,health_score,education_score,safety_score,environment_score,qol_score) VALUES (14,'Ireland',2015,1.2182042115846057,1.6194180066416852,-0.25468903343229776,1.4330612748394094,0.654772260933075);
INSERT INTO ML_Score(country_ID,country_name,score_year,health_score,education_score,safety_score,environment_score,qol_score) VALUES (14,'Ireland',2016,1.4916875564985352,1.7043218340122952,-0.24313296627500963,1.4591380064883275,0.7467243548706242);
INSERT INTO ML_Score(country_ID,country_name,score_year,health_score,education_score,safety_score,environment_score,qol_score) VALUES (14,'Ireland',2017,1.5135662240916483,1.8064525249073777,-0.22852377701539967,1.4852147381372451,0.7467243548706242);
INSERT INTO ML_Score(country_ID,country_name,score_year,health_score,education_score,safety_score,environment_score,qol_score) VALUES (14,'Ireland',2018,1.677656231040006,1.813835466417866,-0.20612912639486902,1.3548310798926566,0.8045228139170829);
INSERT INTO ML_Score(country_ID,country_name,score_year,health_score,education_score,safety_score,environment_score,qol_score) VALUES (14,'Ireland',2019,1.7214135662262353,1.8433672324598167,-0.1624389491106436,1.1983706899991506,0.9004157118805273);
INSERT INTO ML_Score(country_ID,country_name,score_year,health_score,education_score,safety_score,environment_score,qol_score) VALUES (14,'Ireland',2020,0.9884782018569024,2.1042311658303876,-0.13847194060741722,1.0940637634034798,0.888593299802842);
INSERT INTO ML_Score(country_ID,country_name,score_year,health_score,education_score,safety_score,environment_score,qol_score) VALUES (14,'Ireland',2021,1.207264877788049,2.491835595130999,-0.18407031920559377,1.146217226701315,0.8307948407563832);
INSERT INTO ML_Score(country_ID,country_name,score_year,health_score,education_score,safety_score,environment_score,qol_score) VALUES (14,'Ireland',2022,0.9447208666706761,2.537363734445674,-0.22272284502098819,0.989756836807809,0.6600266663009343);
INSERT INTO ML_Score(country_ID,country_name,score_year,health_score,education_score,safety_score,environment_score,qol_score) VALUES (15,'Italy',2011,0.2993001726738018,-1.7644301856652422,0.04270032494436032,-0.07938916079781597,0.22259741942659578);
INSERT INTO ML_Score(country_ID,country_name,score_year,health_score,education_score,safety_score,environment_score,qol_score) VALUES (15,'Italy',2012,0.014877493963315738,-1.6647604752736567,0.03992198383124745,-0.10546589244673378,-0.5090785280479004);
INSERT INTO ML_Score(country_ID,country_name,score_year,health_score,education_score,safety_score,environment_score,qol_score) VALUES (15,'Italy',2013,-0.017940507426355494,-1.5921615504205262,0.035739206551066535,-0.3401564772869928,-0.5570249770296221);
INSERT INTO ML_Score(country_ID,country_name,score_year,health_score,education_score,safety_score,environment_score,qol_score) VALUES (15,'Italy',2014,0.15708883331855877,-1.5134101743086557,0.02261078151108266,-0.44446340388266364,-0.6049714260113437);
INSERT INTO ML_Score(country_ID,country_name,score_year,health_score,education_score,safety_score,environment_score,qol_score) VALUES (15,'Italy',2015,0.21178550230134624,-1.4531161519730047,0.008383232514262921,-0.3923099405848282,-0.5668769870943592);
INSERT INTO ML_Score(country_ID,country_name,score_year,health_score,education_score,safety_score,environment_score,qol_score) VALUES (15,'Italy',2016,1.2510222129742785,-1.417431934672314,0.0603321050852689,-0.41838667223374604,-0.5839538045399039);
INSERT INTO ML_Score(country_ID,country_name,score_year,health_score,education_score,safety_score,environment_score,qol_score) VALUES (15,'Italy',2017,1.0103568694500218,-1.299304870504508,0.10841877819683776,-0.3662332089359106,-0.536664156229165);
INSERT INTO ML_Score(country_ID,country_name,score_year,health_score,education_score,safety_score,environment_score,qol_score) VALUES (15,'Italy',2018,1.130689541212147,-1.2033266308681665,0.11508984999041096,-0.496616867180499,-0.24373105697097389);
INSERT INTO ML_Score(country_ID,country_name,score_year,health_score,education_score,safety_score,environment_score,qol_score) VALUES (15,'Italy',2019,1.4588695551088624,-1.1491850597912554,0.09863352185889629,-0.5226935988294167,-0.02830043688871701);
INSERT INTO ML_Score(country_ID,country_name,score_year,health_score,education_score,safety_score,environment_score,qol_score) VALUES (15,'Italy',2020,1.3713548847364068,-1.0975044692178406,0.0403341553150609,-0.6530772570740051,0.0978052919399215);
INSERT INTO ML_Score(country_ID,country_name,score_year,health_score,education_score,safety_score,environment_score,qol_score) VALUES (15,'Italy',2021,1.4041728861260765,-1.060589761665401,-0.020865677225980234,-0.496616867180499,0.07678767046848176);
INSERT INTO ML_Score(country_ID,country_name,score_year,health_score,education_score,safety_score,environment_score,qol_score) VALUES (15,'Italy',2022,1.2619615467708318,-1.0126006418472304,-0.031811119962804,-0.496616867180499,-0.004655612733346416);
INSERT INTO ML_Score(country_ID,country_name,score_year,health_score,education_score,safety_score,environment_score,qol_score) VALUES (16,'Latvia',2011,-1.440053900978789,-0.39366404521799936,-0.44682200733141064,-1.0442282318077702,-2.162902617581815);
INSERT INTO ML_Score(country_ID,country_name,score_year,health_score,education_score,safety_score,environment_score,qol_score) VALUES (16,'Latvia',2012,-1.0681165518958458,-0.24354423450474627,-0.4348690343008207,-1.226765353350194,-1.7898398364637589);
INSERT INTO ML_Score(country_ID,country_name,score_year,health_score,education_score,safety_score,environment_score,qol_score) VALUES (16,'Latvia',2013,-1.9104452542307475,-0.02943893070059945,-0.4518596588002417,-1.0703049634566881,-1.7556862015726695);
INSERT INTO ML_Score(country_ID,country_name,score_year,health_score,education_score,safety_score,environment_score,qol_score) VALUES (16,'Latvia',2014,-1.811991250061734,-0.044204813721574816,-0.43567811165793596,-0.5487703304783345,-1.7215325666815802);
INSERT INTO ML_Score(country_ID,country_name,score_year,health_score,education_score,safety_score,environment_score,qol_score) VALUES (16,'Latvia',2015,-1.9104452542307475,0.09607107497769383,-0.42297712371227714,-0.6791539887229229,-1.1146487466937582);
INSERT INTO ML_Score(country_ID,country_name,score_year,health_score,education_score,safety_score,environment_score,qol_score) VALUES (16,'Latvia',2016,-1.768233914875506,0.19820176587277588,-0.4361971424153307,-0.9138445735631819,-0.7337043575239129);
INSERT INTO ML_Score(country_ID,country_name,score_year,health_score,education_score,safety_score,environment_score,qol_score) VALUES (16,'Latvia',2017,-2.2495646019240194,0.25603480770493053,-0.4312205533885461,-1.0963816951056058,-0.6246754461408192);
INSERT INTO ML_Score(country_ID,country_name,score_year,health_score,education_score,safety_score,environment_score,qol_score) VALUES (16,'Latvia',2018,-2.041717259789434,0.26218725896367046,-0.4370520166039808,-0.6791539887229229,-0.6154802367470635);
INSERT INTO ML_Score(country_ID,country_name,score_year,health_score,education_score,safety_score,environment_score,qol_score) VALUES (16,'Latvia',2019,-1.8666879190445183,0.376622852376232,-0.44089895045290634,-0.9138445735631819,-0.602344223327414);
INSERT INTO ML_Score(country_ID,country_name,score_year,health_score,education_score,safety_score,environment_score,qol_score) VALUES (16,'Latvia',2020,-1.8010519162651757,0.6141074709635914,-0.4466998824473178,-0.6270005254250874,-0.4946289132862855);
INSERT INTO ML_Score(country_ID,country_name,score_year,health_score,education_score,safety_score,environment_score,qol_score) VALUES (16,'Latvia',2021,-1.7244765796892767,0.7556138499146082,-0.45451587502926166,-0.3923099405848282,-0.3002159146754684);
INSERT INTO ML_Score(country_ID,country_name,score_year,health_score,education_score,safety_score,environment_score,qol_score) VALUES (16,'Latvia',2022,-1.636961909316818,0.8368262065299741,-0.45752320030004867,0.05099449744677246,-0.25686707039062345);
INSERT INTO ML_Score(country_ID,country_name,score_year,health_score,education_score,safety_score,environment_score,qol_score) VALUES (17,'Lithuania',2011,-0.47739252688175743,0.20435421713151586,-0.4424102458935556,-1.2789188166480296,-1.077867909118738);
INSERT INTO ML_Score(country_ID,country_name,score_year,health_score,education_score,safety_score,environment_score,qol_score) VALUES (17,'Lithuania',2012,-0.5649071972542146,0.3064849080265979,-0.43096103800984875,-1.226765353350194,-1.2906713265170653);
INSERT INTO ML_Score(country_ID,country_name,score_year,health_score,education_score,safety_score,environment_score,qol_score) VALUES (17,'Lithuania',2013,-0.5430285296610998,0.4393778552153784,-0.4409142160634179,-1.2528420849991118,-1.023353453427191);
INSERT INTO ML_Score(country_ID,country_name,score_year,health_score,education_score,safety_score,environment_score,qol_score) VALUES (17,'Lithuania',2014,-0.4445745254920846,0.668249042040502,-0.43735732881421296,-1.1746118900523588,-0.756035580337317);
INSERT INTO ML_Score(country_ID,country_name,score_year,health_score,education_score,safety_score,environment_score,qol_score) VALUES (17,'Lithuania',2015,-1.1446918884717447,0.868818953075422,-0.43831906227644435,-1.0442282318077702,-0.7823076071766173);
INSERT INTO ML_Score(country_ID,country_name,score_year,health_score,education_score,safety_score,environment_score,qol_score) VALUES (17,'Lithuania',2016,-0.8493298759647022,0.9278824851593244,-0.4419217463571841,-0.9399213052120997,-0.6653970877417332);
INSERT INTO ML_Score(country_ID,country_name,score_year,health_score,education_score,safety_score,environment_score,qol_score) VALUES (17,'Lithuania',2017,-0.7836938731853598,0.9930984685019671,-0.43682303244630666,-0.8616911102653465,-0.5997170206434843);
INSERT INTO ML_Score(country_ID,country_name,score_year,health_score,education_score,safety_score,environment_score,qol_score) VALUES (17,'Lithuania',2018,-0.8712085435578153,1.1075340619145286,-0.4276941973603644,-0.7834609153185935,-0.34093755627638245);
INSERT INTO ML_Score(country_ID,country_name,score_year,health_score,education_score,safety_score,environment_score,qol_score) VALUES (17,'Lithuania',2019,-0.9040265449474881,1.3720894660403429,-0.42984664844250126,-0.7834609153185935,-0.25423986770669377);
INSERT INTO ML_Score(country_ID,country_name,score_year,health_score,education_score,safety_score,environment_score,qol_score) VALUES (17,'Lithuania',2020,-1.0462378843027296,1.4237700566137579,-0.43196856830361496,-0.8095376469675113,-0.2016958140280944);
INSERT INTO ML_Score(country_ID,country_name,score_year,health_score,education_score,safety_score,environment_score,qol_score) VALUES (17,'Lithuania',2021,-0.8930872111509315,1.5259007475088395,-0.4288391181487351,-0.8095376469675113,0.049202042287217224);
INSERT INTO ML_Score(country_ID,country_name,score_year,health_score,education_score,safety_score,environment_score,qol_score) VALUES (17,'Lithuania',2022,-0.3133025199333997,1.7498499733269708,-0.4298313828319897,-0.9659980368610173,0.4656136676901172);
INSERT INTO ML_Score(country_ID,country_name,score_year,health_score,education_score,safety_score,environment_score,qol_score) VALUES (18,'Luxembourg',2011,1.0431748708396882,0.491058445788794,-0.43195330269310334,3.779967123242001,0.8439308541760328);
INSERT INTO ML_Score(country_ID,country_name,score_year,health_score,education_score,safety_score,environment_score,qol_score) VALUES (18,'Luxembourg',2012,0.9665995342637892,0.6620965907817615,-0.4374183912562594,3.4670463434549887,0.8478716582019279);
INSERT INTO ML_Score(country_ID,country_name,score_year,health_score,education_score,safety_score,environment_score,qol_score) VALUES (18,'Luxembourg',2013,0.3649361754531443,0.9488008194390402,-0.42766366613934115,3.0237419054233885,0.7769371857358184);
INSERT INTO ML_Score(country_ID,country_name,score_year,health_score,education_score,safety_score,environment_score,qol_score) VALUES (18,'Luxembourg',2014,0.45245084582560297,1.4065431930892862,-0.4128865551641035,2.6847443939874585,0.7060027132697089);
INSERT INTO ML_Score(country_ID,country_name,score_year,health_score,education_score,safety_score,environment_score,qol_score) VALUES (18,'Luxembourg',2015,0.10239216433577443,0.9180385631453407,-0.40548273406597307,2.3718236142004465,0.607482612622336);
INSERT INTO ML_Score(country_ID,country_name,score_year,health_score,education_score,safety_score,environment_score,qol_score) VALUES (18,'Luxembourg',2016,-0.3351811875265144,1.0890767081383084,-0.4160770677610298,2.1371330293601867,0.5969738018866162);
INSERT INTO ML_Score(country_ID,country_name,score_year,health_score,education_score,safety_score,environment_score,qol_score) VALUES (18,'Luxembourg',2017,-0.5649071972542146,0.8638969920684302,-0.43589183020509853,2.1371330293601867,0.6587130649589701);
INSERT INTO ML_Score(country_ID,country_name,score_year,health_score,education_score,safety_score,environment_score,qol_score) VALUES (18,'Luxembourg',2018,-0.23672718335750068,1.3093344632011965,-0.4310068348413836,2.267516687604775,0.8951613065126667);
INSERT INTO ML_Score(country_ID,country_name,score_year,health_score,education_score,safety_score,environment_score,qol_score) VALUES (18,'Luxembourg',2019,0.18990683470823,1.6834034997325804,-0.41215380585954625,2.189286492658023,1.089574305123485);
INSERT INTO ML_Score(country_ID,country_name,score_year,health_score,education_score,safety_score,environment_score,qol_score) VALUES (18,'Luxembourg',2020,0.3321181740634746,1.5788118283340025,-0.4063376082546232,1.3809078115415743,1.202544020532473);
INSERT INTO ML_Score(country_ID,country_name,score_year,health_score,education_score,safety_score,environment_score,qol_score) VALUES (18,'Luxembourg',2021,0.058634829149545084,2.0870043023059157,-0.4192523147474445,1.406984543190492,1.3076321278896716);
INSERT INTO ML_Score(country_ID,country_name,score_year,health_score,education_score,safety_score,environment_score,qol_score) VALUES (18,'Luxembourg',2022,-0.357059855119629,2.2568119570471366,-0.42210698391311546,0.8332964469143029,1.0764382917038342);
INSERT INTO ML_Score(country_ID,country_name,score_year,health_score,education_score,safety_score,environment_score,qol_score) VALUES (19,'Malta',2011,1.8855035731745962,-1.3079183022667444,-0.47413218453667944,-0.2880030139891576,-0.5892082099077643);
INSERT INTO ML_Score(country_ID,country_name,score_year,health_score,education_score,safety_score,environment_score,qol_score) VALUES (19,'Malta',2012,2.224622920867865,-1.1356496670220277,-0.47375054427388924,-0.18369608739348678,-0.5839538045399039);
INSERT INTO ML_Score(country_ID,country_name,score_year,health_score,education_score,safety_score,environment_score,qol_score) VALUES (19,'Malta',2013,2.290258923647211,-1.0089091710919862,-0.47367421622133116,-0.3923099405848282,-0.3619551777478222);
INSERT INTO ML_Score(country_ID,country_name,score_year,health_score,education_score,safety_score,environment_score,qol_score) VALUES (19,'Malta',2014,2.56374226856114,-0.8317185748402779,-0.4739184659895169,-0.41838667223374604,-0.13995655095574056);
INSERT INTO ML_Score(country_ID,country_name,score_year,health_score,education_score,safety_score,environment_score,qol_score) VALUES (19,'Malta',2015,2.6074996037473666,-0.7763465135116192,-0.47445276235742323,-0.8877678419142643,0.10437329864974745);
INSERT INTO ML_Score(country_ID,country_name,score_year,health_score,education_score,safety_score,environment_score,qol_score) VALUES (19,'Malta',2016,2.202744253274752,-0.7652721012458878,-0.47353682572672673,-1.0703049634566881,0.1556037509863814);
INSERT INTO ML_Score(country_ID,country_name,score_year,health_score,education_score,safety_score,environment_score,qol_score) VALUES (19,'Malta',2017,2.3996522616127822,-0.5733156219732036,-0.47211712394914707,-1.0181515001588528,0.2869638851828793);
INSERT INTO ML_Score(country_ID,country_name,score_year,health_score,education_score,safety_score,environment_score,qol_score) VALUES (19,'Malta',2018,2.3996522616127822,-0.3026077665886495,-0.4715370307497059,-1.0442282318077702,0.4170104180374129);
INSERT INTO ML_Score(country_ID,country_name,score_year,health_score,education_score,safety_score,environment_score,qol_score) VALUES (19,'Malta',2019,2.5199849333749107,-0.06020118699429879,-0.47442223113640003,-1.0442282318077702,0.47874968110976673);
INSERT INTO ML_Score(country_ID,country_name,score_year,health_score,education_score,safety_score,environment_score,qol_score) VALUES (19,'Malta',2020,1.9183215745642659,0.07638323094972667,-0.47428484064179555,-1.0703049634566881,0.2541238516337554);
INSERT INTO ML_Score(country_ID,country_name,score_year,health_score,education_score,safety_score,environment_score,qol_score) VALUES (19,'Malta',2021,1.5354448916847645,0.24126892468395514,-0.4675832376271991,-1.0703049634566881,0.05051564362918264);
INSERT INTO ML_Score(country_ID,country_name,score_year,health_score,education_score,safety_score,environment_score,qol_score) VALUES (19,'Malta',2022,1.8636249055814769,0.19574078536928,-0.47362841938979633,-1.0181515001588528,-0.14258375363967024);
INSERT INTO ML_Score(country_ID,country_name,score_year,health_score,education_score,safety_score,environment_score,qol_score) VALUES (20,'Netherlands',2011,-0.03981917501947017,0.21419813914549987,-0.23435524023083434,1.0679870317545623,1.4495010728218893);
INSERT INTO ML_Score(country_ID,country_name,score_year,health_score,education_score,safety_score,environment_score,qol_score) VALUES (20,'Netherlands',2012,-0.10545517779881262,0.294180005509118,-0.23038618149781598,0.989756836807809,1.4495010728218893);
INSERT INTO ML_Score(country_ID,country_name,score_year,health_score,education_score,safety_score,environment_score,qol_score) VALUES (20,'Netherlands',2013,-0.48833186067831397,0.3901582451454601,-0.23130211812851253,0.9636801051588914,1.361489782910236);
INSERT INTO ML_Score(country_ID,country_name,score_year,health_score,education_score,safety_score,environment_score,qol_score) VALUES (20,'Netherlands',2014,-0.11639451159537074,0.45783520899159874,-0.2449190427048679,0.8332964469143029,1.2734784929985823);
INSERT INTO ML_Score(country_ID,country_name,score_year,health_score,education_score,safety_score,environment_score,qol_score) VALUES (20,'Netherlands',2015,-0.5539678634576565,0.5624268803901763,-0.26580239788474924,0.9376033735099738,1.2222480406619483);
INSERT INTO ML_Score(country_ID,country_name,score_year,health_score,education_score,safety_score,environment_score,qol_score) VALUES (20,'Netherlands',2016,-0.30236318613684315,0.6374867857468026,-0.28679261233821185,0.9376033735099738,1.2721648916566168);
INSERT INTO ML_Score(country_ID,country_name,score_year,health_score,education_score,safety_score,environment_score,qol_score) VALUES (20,'Netherlands',2017,-0.37893852271274214,0.7974505184740388,-0.29793650801168653,0.8593731785632206,1.3562353775423759);
INSERT INTO ML_Score(country_ID,country_name,score_year,health_score,education_score,safety_score,environment_score,qol_score) VALUES (20,'Netherlands',2018,-0.5539678634576565,0.913116602138349,-0.28633464402286357,0.7550662519675497,1.4179746406147309);
INSERT INTO ML_Score(country_ID,country_name,score_year,health_score,education_score,safety_score,environment_score,qol_score) VALUES (20,'Netherlands',2019,-0.16015184678159852,1.1321438669494877,-0.2642758368335883,0.6507593253718789,1.3667441882780957);
INSERT INTO ML_Score(country_ID,country_name,score_year,health_score,education_score,safety_score,environment_score,qol_score) VALUES (20,'Netherlands',2020,-0.14921251298504198,1.3573235830193675,-0.2814496486591486,0.3639152772337845,1.3864482084075713);
INSERT INTO ML_Score(country_ID,country_name,score_year,health_score,education_score,safety_score,environment_score,qol_score) VALUES (20,'Netherlands',2021,-0.30236318613684315,1.5209787865018478,-0.29976838127307964,0.3899920088827021,1.3220817426512865);
INSERT INTO ML_Score(country_ID,country_name,score_year,health_score,education_score,safety_score,environment_score,qol_score) VALUES (20,'Netherlands',2022,-0.696179202812901,1.663715655704613,-0.29740221164378017,0.18137815569136087,1.3063185265477062);
INSERT INTO ML_Score(country_ID,country_name,score_year,health_score,education_score,safety_score,environment_score,qol_score) VALUES (21,'Poland',2011,-0.11639451159536919,-0.8144917113158067,0.660972816275043,0.33783854558486687,-0.7954436205962668);
INSERT INTO ML_Score(country_ID,country_name,score_year,health_score,education_score,safety_score,environment_score,qol_score) VALUES (21,'Poland',2012,-0.16015184678159852,-0.6680633713577976,0.6888020242377064,0.2856850822870317,-0.770485195098932);
INSERT INTO ML_Score(country_ID,country_name,score_year,health_score,education_score,safety_score,environment_score,qol_score) VALUES (21,'Poland',2013,-0.16015184678159852,-0.543783855931252,0.6213432913869056,0.23353161898919605,-0.7908460158993891);
INSERT INTO ML_Score(country_ID,country_name,score_year,health_score,education_score,safety_score,environment_score,qol_score) VALUES (21,'Poland',2014,-0.09451584400225607,-0.39981649647673934,0.4971880810959883,0.20745488734027848,-0.8112068366998461);
INSERT INTO ML_Score(country_ID,country_name,score_year,health_score,education_score,safety_score,environment_score,qol_score) VALUES (21,'Poland',2015,-0.0070011736297973795,-0.3382919838893406,0.363033895919967,0.25960835063811366,-0.7534083776533873);
INSERT INTO ML_Score(country_ID,country_name,score_year,health_score,education_score,safety_score,environment_score,qol_score) VALUES (21,'Poland',2016,0.27742150508068714,-0.2878418835676737,0.4459414266085163,0.2856850822870317,-0.5721313924622198);
INSERT INTO ML_Score(country_ID,country_name,score_year,health_score,education_score,safety_score,environment_score,qol_score) VALUES (21,'Poland',2017,0.0805134967426582,-0.18817217317608753,0.5101027875888097,0.3639152772337845,-0.37509119116747175);
INSERT INTO ML_Score(country_ID,country_name,score_year,health_score,education_score,safety_score,environment_score,qol_score) VALUES (21,'Poland',2018,0.15708883331855877,-0.08604148228100635,0.44020155705615127,0.3899920088827021,-0.2975887119915375);
INSERT INTO ML_Score(country_ID,country_name,score_year,health_score,education_score,safety_score,environment_score,qol_score) VALUES (21,'Poland',2019,0.17896750091167346,0.07146126994273444,0.543366552893606,0.3639152772337845,-0.2923343066236782);
INSERT INTO ML_Score(country_ID,country_name,score_year,health_score,education_score,safety_score,environment_score,qol_score) VALUES (21,'Poland',2020,0.13521016572544411,0.12929431177488906,0.5390769163398438,0.2856850822870317,-0.3186063334629773);
INSERT INTO ML_Score(country_ID,country_name,score_year,health_score,education_score,safety_score,environment_score,qol_score) VALUES (21,'Poland',2021,0.21178550230134469,0.08745764321545842,0.5859881374420187,0.4942989354783729,-0.37509119116747175);
INSERT INTO ML_Score(country_ID,country_name,score_year,health_score,education_score,safety_score,environment_score,qol_score) VALUES (21,'Poland',2022,0.16802816711511534,0.16251754857208475,0.593361427319126,0.3117618139359493,-0.19512780731826962);
INSERT INTO ML_Score(country_ID,country_name,score_year,health_score,education_score,safety_score,environment_score,qol_score) VALUES (22,'Portugal',2011,-0.4445745254920846,-1.3780562466163784,-0.4125201805118249,-0.5487703304783345,-1.420717859371599);
INSERT INTO ML_Score(country_ID,country_name,score_year,health_score,education_score,safety_score,environment_score,qol_score) VALUES (22,'Portugal',2012,0.40869351063937365,-1.210709572378654,-0.4060475616549026,-0.574847062127252,-1.7175917626556851);
INSERT INTO ML_Score(country_ID,country_name,score_year,health_score,education_score,safety_score,environment_score,qol_score) VALUES (22,'Portugal',2013,0.2993001726738018,-1.0716641739311332,-0.40586437432876327,-0.574847062127252,-1.7169349619847023);
INSERT INTO ML_Score(country_ID,country_name,score_year,health_score,education_score,safety_score,environment_score,qol_score) VALUES (22,'Portugal',2014,-1.0462378843027311,-0.8071087698053185,-0.40432254766709075,-0.6530772570740051,-1.7162781613137197);
INSERT INTO ML_Score(country_ID,country_name,score_year,health_score,education_score,safety_score,environment_score,qol_score) VALUES (22,'Portugal',2015,-1.1118738870820737,-0.6545279785885699,-0.39597225871724057,-0.496616867180499,-1.6886925331324552);
INSERT INTO ML_Score(country_ID,country_name,score_year,health_score,education_score,safety_score,environment_score,qol_score) VALUES (22,'Portugal',2016,-0.6633612014232297,-0.5696241512179601,-0.38913326520803965,-0.496616867180499,-1.5941132365109763);
INSERT INTO ML_Score(country_ID,country_name,score_year,health_score,education_score,safety_score,environment_score,qol_score) VALUES (22,'Portugal',2017,-0.6852398690163445,-0.5056386581270654,-0.37791304148200694,0.024917765797854863,-1.311688947988505);
INSERT INTO ML_Score(country_ID,country_name,score_year,health_score,education_score,safety_score,environment_score,qol_score) VALUES (22,'Portugal',2018,-0.6633612014232297,-0.39366404521799936,-0.37701237046182196,-0.5487703304783345,-0.9399397682124154);
INSERT INTO ML_Score(country_ID,country_name,score_year,health_score,education_score,safety_score,environment_score,qol_score) VALUES (22,'Portugal',2019,-0.5430285296610998,-0.2029380561970638,-0.3890874683765048,-0.6270005254250874,-0.653574675664049);
INSERT INTO ML_Score(country_ID,country_name,score_year,health_score,education_score,safety_score,environment_score,qol_score) VALUES (22,'Portugal',2020,-0.4226958578989715,-0.0688146187565342,-0.41630605191870396,-0.7834609153185935,-0.6299298515086785);
INSERT INTO ML_Score(country_ID,country_name,score_year,health_score,education_score,safety_score,environment_score,qol_score) VALUES (22,'Portugal',2021,-0.7289972042025739,0.19697127562102815,-0.4090548869256896,-0.8095376469675113,-0.5156465347577253);
INSERT INTO ML_Score(country_ID,country_name,score_year,health_score,education_score,safety_score,environment_score,qol_score) VALUES (22,'Portugal',2022,-0.5649071972542146,0.2351164734252152,-0.3782488849132623,-0.7573841836696759,-0.5786993991720445);
INSERT INTO ML_Score(country_ID,country_name,score_year,health_score,education_score,safety_score,environment_score,qol_score) VALUES (23,'Romania',2011,-0.9806018815233871,-1.7558167539030067,-0.42409151327962463,-0.8877678419142643,-1.6164444593243814);
INSERT INTO ML_Score(country_ID,country_name,score_year,health_score,education_score,safety_score,environment_score,qol_score) VALUES (23,'Romania',2012,-0.8930872111509299,-1.6770653777911362,-0.4330066298184044,-0.9659980368610173,-1.8069166539093036);
INSERT INTO ML_Score(country_ID,country_name,score_year,health_score,education_score,safety_score,environment_score,qol_score) VALUES (23,'Romania',2013,-0.7071185366094576,-1.6290762579729652,-0.43931132695969893,-1.0963816951056058,-1.7471477928498973);
INSERT INTO ML_Score(country_ID,country_name,score_year,health_score,education_score,safety_score,environment_score,qol_score) VALUES (23,'Romania',2014,-0.5867858648473292,-1.5761651771478022,-0.44010513870630263,-1.226765353350194,-1.6873789317904908);
INSERT INTO ML_Score(country_ID,country_name,score_year,health_score,education_score,safety_score,environment_score,qol_score) VALUES (23,'Romania',2015,-0.553967863457658,-1.5269455670778833,-0.3997123332925848,-1.226765353350194,-1.1566839896366377);
INSERT INTO ML_Score(country_ID,country_name,score_year,health_score,education_score,safety_score,environment_score,qol_score) VALUES (23,'Romania',2016,-0.49927119447487206,-1.5318675280848753,-0.4085663873893181,-1.2789188166480296,-0.7665443910730368);
INSERT INTO ML_Score(country_ID,country_name,score_year,health_score,education_score,safety_score,environment_score,qol_score) VALUES (23,'Romania',2017,-0.6524218676266716,-1.483878408266704,-0.3832865363820933,-1.226765353350194,-0.6089122300372387);
INSERT INTO ML_Score(country_ID,country_name,score_year,health_score,education_score,safety_score,environment_score,qol_score) VALUES (23,'Romania',2018,-0.4992711944748705,-1.4752649765044685,-0.34730549240623054,-1.1746118900523588,-0.4447120622916158);
INSERT INTO ML_Score(country_ID,country_name,score_year,health_score,education_score,safety_score,environment_score,qol_score) VALUES (23,'Romania',2019,-0.3133025199333997,-1.4100489931618259,-0.3531827524532001,-1.226765353350194,-0.3737775898255075);
INSERT INTO ML_Score(country_ID,country_name,score_year,health_score,education_score,safety_score,environment_score,qol_score) VALUES (23,'Romania',2020,-0.3898778565093003,-1.3989745808960938,-0.37594377772600934,-1.304995548296947,-0.35275996835406775);
INSERT INTO ML_Score(country_ID,country_name,score_year,health_score,education_score,safety_score,environment_score,qol_score) VALUES (23,'Romania',2021,-0.8602692097612588,-1.3657513440988989,-0.35748765461747384,-1.226765353350194,0.08992368388813247);
INSERT INTO ML_Score(country_ID,country_name,score_year,health_score,education_score,safety_score,environment_score,qol_score) VALUES (23,'Romania',2022,-0.5867858648473292,-1.2746950654695486,-0.3357494252489424,-1.2528420849991118,0.23704703418821074);
INSERT INTO ML_Score(country_ID,country_name,score_year,health_score,education_score,safety_score,environment_score,qol_score) VALUES (24,'Slovakia',2011,-2.074535261179105,-1.2746950654695486,-0.4652170679978997,-0.2358495506913222,-0.9872294165231543);
INSERT INTO ML_Score(country_ID,country_name,score_year,health_score,education_score,safety_score,environment_score,qol_score) VALUES (24,'Slovakia',2012,-1.844809251451405,-1.1836387868401983,-0.4652628648294345,-0.41838667223374604,-0.5773857978300792);
INSERT INTO ML_Score(country_ID,country_name,score_year,health_score,education_score,safety_score,environment_score,qol_score) VALUES (24,'Slovakia',2013,-1.5932045741305902,-1.118422803497556,-0.4473868349203402,-0.47054013553158125,-0.5603089803845345);
INSERT INTO ML_Score(country_ID,country_name,score_year,health_score,education_score,safety_score,environment_score,qol_score) VALUES (24,'Slovakia',2014,-1.4509932347753471,-1.0975044692178406,-0.4522870958945667,-0.47054013553158125,-0.5432321629389898);
INSERT INTO ML_Score(country_ID,country_name,score_year,health_score,education_score,safety_score,environment_score,qol_score) VALUES (24,'Slovakia',2015,-1.4728719023684602,-1.0089091710919862,-0.4501346448124299,-0.44446340388266364,-0.43420325155589595);
INSERT INTO ML_Score(country_ID,country_name,score_year,health_score,education_score,safety_score,environment_score,qol_score) VALUES (24,'Slovakia',2016,-1.0899952194889588,-0.895704067931173,-0.4540579067139134,-0.41838667223374604,-0.4079312247165968);
INSERT INTO ML_Score(country_ID,country_name,score_year,health_score,education_score,safety_score,environment_score,qol_score) VALUES (24,'Slovakia',2017,-1.3306605630132171,-0.7824989647703591,-0.4542563596505643,-0.3662332089359106,-0.30941112406922283);
INSERT INTO ML_Score(country_ID,country_name,score_year,health_score,education_score,safety_score,environment_score,qol_score) VALUES (24,'Slovakia',2018,-1.2322065588442035,-0.6397620955675941,-0.45283665787298466,-0.3401564772869928,-0.27657109052009776);
INSERT INTO ML_Score(country_ID,country_name,score_year,health_score,education_score,safety_score,environment_score,qol_score) VALUES (24,'Slovakia',2019,-1.2103278912510889,-0.5019471873718214,-0.4505468162962433,-0.47054013553158125,-0.1675421791370051);
INSERT INTO ML_Score(country_ID,country_name,score_year,health_score,education_score,safety_score,environment_score,qol_score) VALUES (24,'Slovakia',2020,-1.0899952194889588,-0.42934826251869096,-0.4540579067139134,-0.7052307203718404,-0.10186211203875498);
INSERT INTO ML_Score(country_ID,country_name,score_year,health_score,education_score,safety_score,environment_score,qol_score) VALUES (24,'Slovakia',2021,-1.0571772180992878,-0.34321394489633245,-0.44979880138117445,-0.5226935988294167,-0.02304603152085649);
INSERT INTO ML_Score(country_ID,country_name,score_year,health_score,education_score,safety_score,environment_score,qol_score) VALUES (24,'Slovakia',2022,-0.958723213930274,-0.1697148193998681,-0.4537067976721464,-0.7052307203718404,0.0794148731524126);
INSERT INTO ML_Score(country_ID,country_name,score_year,health_score,education_score,safety_score,environment_score,qol_score) VALUES (25,'Slovenia',2011,-1.702597912096162,-0.7591196499871479,-0.45387471938777413,-0.5487703304783345,-0.6391250609024342);
INSERT INTO ML_Score(country_ID,country_name,score_year,health_score,education_score,safety_score,environment_score,qol_score) VALUES (25,'Slovenia',2012,-1.2322065588442035,-0.5782375829801955,-0.44998198870731376,-0.6009237937761697,-0.4578480757112665);
INSERT INTO ML_Score(country_ID,country_name,score_year,health_score,education_score,safety_score,environment_score,qol_score) VALUES (25,'Slovenia',2013,-0.6852398690163445,-0.38505061345576397,-0.450714738011871,-0.496616867180499,-0.5970898179595545);
INSERT INTO ML_Score(country_ID,country_name,score_year,health_score,education_score,safety_score,environment_score,qol_score) VALUES (25,'Slovenia',2014,-0.6524218676266716,-0.31122119835088535,-0.45147801853745145,0.024917765797854863,-0.7363315602078426);
INSERT INTO ML_Score(country_ID,country_name,score_year,health_score,education_score,safety_score,environment_score,qol_score) VALUES (25,'Slovenia',2015,-0.7836938731853582,-0.10942079706421758,-0.45033309774908076,0.05099449744677246,-0.8414196675650414);
INSERT INTO ML_Score(country_ID,country_name,score_year,health_score,education_score,safety_score,environment_score,qol_score) VALUES (25,'Slovenia',2016,-0.7399365379991304,-0.02943893070059945,-0.45491278090256354,0.18137815569136087,-0.854555680984691);
INSERT INTO ML_Score(country_ID,country_name,score_year,health_score,education_score,safety_score,environment_score,qol_score) VALUES (25,'Slovenia',2017,-1.4728719023684602,0.125602841019645,-0.4520581117368926,0.20745488734027848,-0.6049714260113437);
INSERT INTO ML_Score(country_ID,country_name,score_year,health_score,education_score,safety_score,environment_score,qol_score) VALUES (25,'Slovenia',2018,-1.3634785644028884,0.1588260778168407,-0.4536915320616348,0.18137815569136087,-0.3816591978772966);
INSERT INTO ML_Score(country_ID,country_name,score_year,health_score,education_score,safety_score,environment_score,qol_score) VALUES (25,'Slovenia',2019,-0.14921251298504198,0.2080456878867599,-0.4559050455858181,-0.574847062127252,-0.05982686909587548);
INSERT INTO ML_Score(country_ID,country_name,score_year,health_score,education_score,safety_score,environment_score,qol_score) VALUES (25,'Slovenia',2020,0.7478128583326457,0.484905994530054,-0.45401210988237856,-0.7052307203718404,0.06890606241669273);
INSERT INTO ML_Score(country_ID,country_name,score_year,health_score,education_score,safety_score,environment_score,qol_score) VALUES (25,'Slovenia',2021,0.8353275287051043,1.0189387637886747,-0.45515703067074925,-0.6791539887229229,0.2909046892087744);
INSERT INTO ML_Score(country_ID,country_name,score_year,health_score,education_score,safety_score,environment_score,qol_score) VALUES (25,'Slovenia',2022,1.1088108736190339,1.0029423905159507,-0.45576765509121364,-0.7313074520207581,0.3171767160480747);
INSERT INTO ML_Score(country_ID,country_name,score_year,health_score,education_score,safety_score,environment_score,qol_score) VALUES (26,'Spain',2011,0.8353275287051043,0.17974441209655645,-0.24450687122105444,-0.44446340388266364,0.4629864650061875);
INSERT INTO ML_Score(country_ID,country_name,score_year,health_score,education_score,safety_score,environment_score,qol_score) VALUES (26,'Spain',2012,0.7915701935188749,0.2572652979566787,-0.25536072029480855,-0.47054013553158125,-0.11368452411644028);
INSERT INTO ML_Score(country_ID,country_name,score_year,health_score,education_score,safety_score,environment_score,qol_score) VALUES (26,'Spain',2013,0.5727835175877314,0.37785334262798015,-0.25861229533378133,-0.6009237937761697,-0.10908691941956306);
INSERT INTO ML_Score(country_ID,country_name,score_year,health_score,education_score,safety_score,environment_score,qol_score) VALUES (26,'Spain',2014,0.7259341907395325,0.459065699243346,-0.2721223606365554,-0.6009237937761697,-0.10448931472268583);
INSERT INTO ML_Score(country_ID,country_name,score_year,health_score,education_score,safety_score,environment_score,qol_score) VALUES (26,'Spain',2015,0.5071475148083889,0.5279731533412328,-0.29260880994313493,-0.574847062127252,-0.06245407177980632);
INSERT INTO ML_Score(country_ID,country_name,score_year,health_score,education_score,safety_score,environment_score,qol_score) VALUES (26,'Spain',2016,0.9884782018569055,0.6387172759985503,-0.28682314355923505,-0.6270005254250874,-0.007282815417277259);
INSERT INTO ML_Score(country_ID,country_name,score_year,health_score,education_score,safety_score,environment_score,qol_score) VALUES (26,'Spain',2017,1.6995348986331222,0.7211601228656648,-0.2790376821983144,-0.574847062127252,-0.12944774022002067);
INSERT INTO ML_Score(country_ID,country_name,score_year,health_score,education_score,safety_score,environment_score,qol_score) VALUES (26,'Spain',2018,1.3822942185329634,0.8380566967817227,-0.2611005898471736,-0.6009237937761697,-0.07164928117356077);
INSERT INTO ML_Score(country_ID,country_name,score_year,health_score,education_score,safety_score,environment_score,qol_score) VALUES (26,'Spain',2019,1.7979889028021374,0.9881765074949753,-0.22307395406275518,-0.7052307203718404,-0.009910018101206937);
INSERT INTO ML_Score(country_ID,country_name,score_year,health_score,education_score,safety_score,environment_score,qol_score) VALUES (26,'Spain',2020,1.0103568694500187,1.1284523961942443,-0.21562433613308993,-0.9399213052120997,0.10831410267564139);
INSERT INTO ML_Score(country_ID,country_name,score_year,health_score,education_score,safety_score,environment_score,qol_score) VALUES (26,'Spain',2021,0.2446035036910159,1.271189265397009,-0.1972903379086473,-0.8356143786164288,0.08861008254616705);
INSERT INTO ML_Score(country_ID,country_name,score_year,health_score,education_score,safety_score,environment_score,qol_score) VALUES (26,'Spain',2022,-0.11639451159536919,1.3425576999983913,-0.1859327236880101,-0.8095376469675113,0.03606602886756767);
INSERT INTO ML_Score(country_ID,country_name,score_year,health_score,education_score,safety_score,environment_score,qol_score) VALUES (27,'Sweden',2011,0.8243881949085446,0.3470910863342808,0.9275409070287621,-2.1655276927112306,1.2747920943405464);
INSERT INTO ML_Score(country_ID,country_name,score_year,health_score,education_score,safety_score,environment_score,qol_score) VALUES (27,'Sweden',2012,0.8517365293999392,0.4787535432713141,1.0097004228022428,-2.1916044243601482,1.407465829879011);
INSERT INTO ML_Score(country_ID,country_name,score_year,health_score,education_score,safety_score,environment_score,qol_score) VALUES (27,'Sweden',2013,0.8790848638913337,0.6497916882642825,1.0371174592810928,-2.243757887657984,1.3312769520450416);
INSERT INTO ML_Score(country_ID,country_name,score_year,health_score,education_score,safety_score,environment_score,qol_score) VALUES (27,'Sweden',2014,2.454348930595568,0.8036029697327792,1.0225235356319944,-2.243757887657984,1.2550880742110722);
INSERT INTO ML_Score(country_ID,country_name,score_year,health_score,education_score,safety_score,environment_score,qol_score) VALUES (27,'Sweden',2015,2.3996522616127822,0.9401873876768042,0.9971673565722116,-2.1916044243601482,1.1591951762476291);
INSERT INTO ML_Score(country_ID,country_name,score_year,health_score,education_score,safety_score,environment_score,qol_score) VALUES (27,'Sweden',2016,2.509045599578354,1.081693766627821,0.9512026033217563,-2.1133742294133957,1.1499999668538734);
INSERT INTO ML_Score(country_ID,country_name,score_year,health_score,education_score,safety_score,environment_score,qol_score) VALUES (27,'Sweden',2017,2.3777735940196694,1.1518317109774556,1.0902875806930274,-1.9829905711688072,1.1894080071128232);
INSERT INTO ML_Score(country_ID,country_name,score_year,health_score,education_score,safety_score,environment_score,qol_score) VALUES (27,'Sweden',2018,2.443409596799009,1.2810331874109926,1.182293415246496,-1.8526069129242186,1.2275024460298076);
INSERT INTO ML_Score(country_ID,country_name,score_year,health_score,education_score,safety_score,environment_score,qol_score) VALUES (27,'Sweden',2019,2.5309242671714673,1.3819333880543263,1.284618802505812,-1.8786836445731363,1.2406384594494573);
INSERT INTO ML_Score(country_ID,country_name,score_year,health_score,education_score,safety_score,environment_score,qol_score) VALUES (27,'Sweden',2020,2.4215309292058955,1.4262310371172542,1.4503575358303529,-1.9829905711688072,1.2537744728691078);
INSERT INTO ML_Score(country_ID,country_name,score_year,health_score,education_score,safety_score,environment_score,qol_score) VALUES (27,'Sweden',2021,1.4698088889054222,1.5332836890193278,1.3585806854345586,-1.8526069129242186,1.2813601010503723);
INSERT INTO ML_Score(country_ID,country_name,score_year,health_score,education_score,safety_score,environment_score,qol_score) VALUES (27,'Sweden',2022,1.0322355370431349,1.6797120289773364,1.2920531548249659,-1.8786836445731363,1.2958097158119863);

--Factor 
INSERT INTO Factor(factor_ID, factor_name) VALUES (1, 'education');
INSERT INTO Factor(factor_ID, factor_name) VALUES (2, 'health');
INSERT INTO Factor(factor_ID, factor_name) VALUES (3, 'safety');
INSERT INTO Factor(factor_ID, factor_name) VALUES (4, 'environment');

--Org Mock Data
INSERT INTO Organization(org_name,org_country,org_factor,org_url) VALUES ('Hermiston Group',2,1,'http://vinaora.com/nisi/venenatis.html?erat=fringilla&volutpat=rhoncus&in=mauris&congue=enim&etiam=leo&justo=rhoncus&etiam=sed&pretium=vestibulum&iaculis=sit&justo=amet&in=cursus&hac=id&habitasse=turpis&platea=integer&dictumst=aliquet&etiam=massa&faucibus=id&cursus=lobortis&urna=convallis&ut=tortor&tellus=risus&nulla=dapibus&ut=augue&erat=vel&id=accumsan&mauris=tellus&vulputate=nisi&elementum=eu&nullam=orci&varius=mauris&nulla=lacinia&facilisi=sapien&cras=quis&non=libero&velit=nullam&nec=sit&nisi=amet&vulputate=turpis&nonummy=elementum&maecenas=ligula');
INSERT INTO Organization(org_name,org_country,org_factor,org_url) VALUES ('Labadie Group',18,4,'http://va.gov/mus/vivamus/vestibulum/sagittis/sapien/cum.js?quis=orci&turpis=luctus&eget=et&elit=ultrices&sodales=posuere&scelerisque=cubilia&mauris=curae&sit=mauris&amet=viverra&eros=diam&suspendisse=vitae&accumsan=quam&tortor=suspendisse&quis=potenti&turpis=nullam&sed=porttitor&ante=lacus&vivamus=at&tortor=turpis&duis=donec');
INSERT INTO Organization(org_name,org_country,org_factor,org_url) VALUES ('Mills, Goodwin and Bode',24,3,'http://hugedomains.com/rutrum.jsp?blandit=ac&ultrices=diam&enim=cras&lorem=pellentesque&ipsum=volutpat&dolor=dui&sit=maecenas&amet=tristique&consectetuer=est&adipiscing=et&elit=tempus&proin=semper&interdum=est&mauris=quam&non=pharetra&ligula=magna&pellentesque=ac&ultrices=consequat&phasellus=metus&id=sapien&sapien=ut&in=nunc&sapien=vestibulum&iaculis=ante&congue=ipsum&vivamus=primis&metus=in&arcu=faucibus&adipiscing=orci&molestie=luctus&hendrerit=et&at=ultrices&vulputate=posuere&vitae=cubilia&nisl=curae&aenean=mauris&lectus=viverra&pellentesque=diam&eget=vitae&nunc=quam&donec=suspendisse&quis=potenti&orci=nullam&eget=porttitor&orci=lacus&vehicula=at&condimentum=turpis&curabitur=donec');
INSERT INTO Organization(org_name,org_country,org_factor,org_url) VALUES ('Pacocha Inc',6,3,'https://sfgate.com/a/ipsum/integer/a/nibh/in/quis.xml?libero=morbi&ut=odio&massa=odio&volutpat=elementum&convallis=eu&morbi=interdum&odio=eu&odio=tincidunt&elementum=in&eu=leo&interdum=maecenas&eu=pulvinar&tincidunt=lobortis&in=est&leo=phasellus&maecenas=sit&pulvinar=amet&lobortis=erat&est=nulla&phasellus=tempus&sit=vivamus&amet=in&erat=felis&nulla=eu&tempus=sapien&vivamus=cursus&in=vestibulum&felis=proin&eu=eu&sapien=mi&cursus=nulla&vestibulum=ac&proin=enim&eu=in&mi=tempor&nulla=turpis&ac=nec&enim=euismod&in=scelerisque&tempor=quam&turpis=turpis&nec=adipiscing&euismod=lorem&scelerisque=vitae&quam=mattis&turpis=nibh&adipiscing=ligula&lorem=nec&vitae=sem&mattis=duis&nibh=aliquam&ligula=convallis&nec=nunc&sem=proin&duis=at&aliquam=turpis&convallis=a&nunc=pede&proin=posuere&at=nonummy&turpis=integer&a=non&pede=velit&posuere=donec&nonummy=diam&integer=neque&non=vestibulum&velit=eget&donec=vulputate&diam=ut&neque=ultrices&vestibulum=vel&eget=augue&vulputate=vestibulum&ut=ante&ultrices=ipsum&vel=primis&augue=in&vestibulum=faucibus&ante=orci&ipsum=luctus&primis=et&in=ultrices&faucibus=posuere&orci=cubilia&luctus=curae&et=donec&ultrices=pharetra&posuere=magna&cubilia=vestibulum&curae=aliquet');
INSERT INTO Organization(org_name,org_country,org_factor,org_url) VALUES ('Bauch Inc',26,1,'https://vistaprint.com/sed/sagittis/nam/congue/risus/semper/porta.json?sed=mauris&accumsan=sit&felis=amet&ut=eros&at=suspendisse&dolor=accumsan&quis=tortor&odio=quis&consequat=turpis&varius=sed&integer=ante&ac=vivamus&leo=tortor&pellentesque=duis&ultrices=mattis&mattis=egestas&odio=metus&donec=aenean&vitae=fermentum&nisi=donec&nam=ut&ultrices=mauris&libero=eget&non=massa&mattis=tempor&pulvinar=convallis&nulla=nulla&pede=neque&ullamcorper=libero&augue=convallis&a=eget&suscipit=eleifend&nulla=luctus&elit=ultricies&ac=eu&nulla=nibh');
INSERT INTO Organization(org_name,org_country,org_factor,org_url) VALUES ('Hilll-Hudson',26,2,'https://about.me/donec/ut.html?condimentum=est&neque=et&sapien=tempus&placerat=semper&ante=est&nulla=quam&justo=pharetra&aliquam=magna&quis=ac&turpis=consequat&eget=metus&elit=sapien&sodales=ut&scelerisque=nunc&mauris=vestibulum&sit=ante&amet=ipsum&eros=primis&suspendisse=in&accumsan=faucibus&tortor=orci&quis=luctus&turpis=et&sed=ultrices&ante=posuere&vivamus=cubilia&tortor=curae&duis=mauris&mattis=viverra&egestas=diam&metus=vitae&aenean=quam&fermentum=suspendisse&donec=potenti&ut=nullam&mauris=porttitor&eget=lacus&massa=at&tempor=turpis&convallis=donec&nulla=posuere&neque=metus&libero=vitae&convallis=ipsum&eget=aliquam&eleifend=non&luctus=mauris&ultricies=morbi&eu=non&nibh=lectus&quisque=aliquam&id=sit&justo=amet&sit=diam&amet=in&sapien=magna&dignissim=bibendum&vestibulum=imperdiet&vestibulum=nullam&ante=orci&ipsum=pede&primis=venenatis&in=non&faucibus=sodales&orci=sed&luctus=tincidunt&et=eu&ultrices=felis&posuere=fusce&cubilia=posuere&curae=felis&nulla=sed&dapibus=lacus&dolor=morbi&vel=sem&est=mauris&donec=laoreet&odio=ut');
INSERT INTO Organization(org_name,org_country,org_factor,org_url) VALUES ('Prosacco, Fadel and Hilll',6,2,'https://epa.gov/dui.js?ultrices=pharetra&posuere=magna&cubilia=ac&curae=consequat&duis=metus&faucibus=sapien&accumsan=ut&odio=nunc&curabitur=vestibulum&convallis=ante&duis=ipsum&consequat=primis&dui=in&nec=faucibus&nisi=orci&volutpat=luctus&eleifend=et&donec=ultrices&ut=posuere&dolor=cubilia&morbi=curae&vel=mauris&lectus=viverra&in=diam&quam=vitae&fringilla=quam&rhoncus=suspendisse&mauris=potenti&enim=nullam&leo=porttitor&rhoncus=lacus&sed=at&vestibulum=turpis&sit=donec&amet=posuere&cursus=metus&id=vitae&turpis=ipsum&integer=aliquam&aliquet=non&massa=mauris&id=morbi&lobortis=non&convallis=lectus&tortor=aliquam&risus=sit&dapibus=amet&augue=diam&vel=in&accumsan=magna&tellus=bibendum&nisi=imperdiet&eu=nullam');
INSERT INTO Organization(org_name,org_country,org_factor,org_url) VALUES ('Sporer-Flatley',10,4,'http://sciencedirect.com/curabitur/at/ipsum/ac/tellus/semper.html?gravida=eget&sem=semper&praesent=rutrum&id=nulla&massa=nunc&id=purus&nisl=phasellus&venenatis=in&lacinia=felis&aenean=donec&sit=semper&amet=sapien&justo=a&morbi=libero&ut=nam&odio=dui&cras=proin&mi=leo&pede=odio&malesuada=porttitor&in=id&imperdiet=consequat&et=in&commodo=consequat&vulputate=ut&justo=nulla&in=sed&blandit=accumsan&ultrices=felis&enim=ut&lorem=at');
INSERT INTO Organization(org_name,org_country,org_factor,org_url) VALUES ('Crona Inc',2,1,'http://goo.gl/vulputate/vitae/nisl/aenean/lectus/pellentesque.json?tristique=luctus&fusce=et&congue=ultrices&diam=posuere&id=cubilia&ornare=curae&imperdiet=mauris&sapien=viverra&urna=diam&pretium=vitae&nisl=quam&ut=suspendisse&volutpat=potenti&sapien=nullam&arcu=porttitor&sed=lacus&augue=at&aliquam=turpis&erat=donec&volutpat=posuere&in=metus&congue=vitae&etiam=ipsum&justo=aliquam&etiam=non&pretium=mauris&iaculis=morbi&justo=non&in=lectus&hac=aliquam&habitasse=sit&platea=amet&dictumst=diam&etiam=in&faucibus=magna&cursus=bibendum&urna=imperdiet&ut=nullam&tellus=orci&nulla=pede&ut=venenatis&erat=non&id=sodales&mauris=sed&vulputate=tincidunt&elementum=eu&nullam=felis&varius=fusce&nulla=posuere&facilisi=felis&cras=sed&non=lacus&velit=morbi&nec=sem&nisi=mauris&vulputate=laoreet&nonummy=ut&maecenas=rhoncus&tincidunt=aliquet&lacus=pulvinar&at=sed&velit=nisl&vivamus=nunc&vel=rhoncus&nulla=dui');
INSERT INTO Organization(org_name,org_country,org_factor,org_url) VALUES ('Stehr-Stracke',9,4,'https://thetimes.co.uk/sed/vel/enim.aspx?quis=nulla&turpis=integer&sed=pede&ante=justo&vivamus=lacinia&tortor=eget&duis=tincidunt&mattis=eget&egestas=tempus');
INSERT INTO Organization(org_name,org_country,org_factor,org_url) VALUES ('Kreiger, Crona and DuBuque',8,3,'https://tamu.edu/et/ultrices/posuere/cubilia/curae/duis.html?donec=in&ut=eleifend&dolor=quam&morbi=a&vel=odio&lectus=in&in=hac&quam=habitasse&fringilla=platea&rhoncus=dictumst&mauris=maecenas&enim=ut&leo=massa&rhoncus=quis&sed=augue&vestibulum=luctus&sit=tincidunt&amet=nulla&cursus=mollis&id=molestie&turpis=lorem&integer=quisque&aliquet=ut&massa=erat&id=curabitur&lobortis=gravida&convallis=nisi&tortor=at&risus=nibh&dapibus=in&augue=hac&vel=habitasse&accumsan=platea&tellus=dictumst&nisi=aliquam&eu=augue&orci=quam&mauris=sollicitudin&lacinia=vitae&sapien=consectetuer&quis=eget&libero=rutrum&nullam=at&sit=lorem&amet=integer&turpis=tincidunt&elementum=ante&ligula=vel&vehicula=ipsum&consequat=praesent&morbi=blandit&a=lacinia&ipsum=erat&integer=vestibulum&a=sed&nibh=magna&in=at&quis=nunc&justo=commodo&maecenas=placerat&rhoncus=praesent&aliquam=blandit&lacus=nam&morbi=nulla&quis=integer&tortor=pede&id=justo&nulla=lacinia&ultrices=eget&aliquet=tincidunt&maecenas=eget&leo=tempus&odio=vel&condimentum=pede&id=morbi&luctus=porttitor&nec=lorem&molestie=id&sed=ligula');
INSERT INTO Organization(org_name,org_country,org_factor,org_url) VALUES ('Mertz-Huels',9,1,'https://friendfeed.com/nec/nisi/vulputate.xml?hac=habitasse&habitasse=platea&platea=dictumst&dictumst=maecenas&maecenas=ut&ut=massa&massa=quis&quis=augue&augue=luctus&luctus=tincidunt&tincidunt=nulla&nulla=mollis&mollis=molestie&molestie=lorem&lorem=quisque&quisque=ut&ut=erat&erat=curabitur&curabitur=gravida&gravida=nisi&nisi=at&at=nibh&nibh=in&in=hac&hac=habitasse&habitasse=platea&platea=dictumst&dictumst=aliquam&aliquam=augue&augue=quam&quam=sollicitudin&sollicitudin=vitae&vitae=consectetuer&consectetuer=eget&eget=rutrum&rutrum=at');
INSERT INTO Organization(org_name,org_country,org_factor,org_url) VALUES ('Boyer Group',7,1,'https://cbsnews.com/ut/nulla/sed/accumsan/felis.jsp?justo=lectus&eu=aliquam&massa=sit&donec=amet&dapibus=diam&duis=in&at=magna&velit=bibendum&eu=imperdiet&est=nullam&congue=orci&elementum=pede&in=venenatis&hac=non&habitasse=sodales&platea=sed&dictumst=tincidunt&morbi=eu&vestibulum=felis&velit=fusce&id=posuere&pretium=felis&iaculis=sed&diam=lacus&erat=morbi&fermentum=sem&justo=mauris&nec=laoreet&condimentum=ut&neque=rhoncus&sapien=aliquet&placerat=pulvinar&ante=sed&nulla=nisl&justo=nunc&aliquam=rhoncus&quis=dui&turpis=vel&eget=sem&elit=sed&sodales=sagittis&scelerisque=nam&mauris=congue&sit=risus&amet=semper&eros=porta&suspendisse=volutpat&accumsan=quam&tortor=pede&quis=lobortis&turpis=ligula&sed=sit&ante=amet');
INSERT INTO Organization(org_name,org_country,org_factor,org_url) VALUES ('Gutmann LLC',22,2,'https://miibeian.gov.cn/tristique/est/et/tempus/semper/est.aspx?libero=et&nam=commodo&dui=vulputate&proin=justo&leo=in&odio=blandit&porttitor=ultrices&id=enim&consequat=lorem&in=ipsum&consequat=dolor&ut=sit&nulla=amet&sed=consectetuer&accumsan=adipiscing&felis=elit&ut=proin&at=interdum&dolor=mauris&quis=non&odio=ligula&consequat=pellentesque&varius=ultrices&integer=phasellus&ac=id&leo=sapien&pellentesque=in&ultrices=sapien&mattis=iaculis&odio=congue&donec=vivamus&vitae=metus&nisi=arcu&nam=adipiscing&ultrices=molestie&libero=hendrerit&non=at&mattis=vulputate&pulvinar=vitae&nulla=nisl&pede=aenean&ullamcorper=lectus&augue=pellentesque&a=eget&suscipit=nunc&nulla=donec&elit=quis&ac=orci&nulla=eget');
INSERT INTO Organization(org_name,org_country,org_factor,org_url) VALUES ('Wolff-DuBuque',11,4,'https://weebly.com/pede/libero.js?diam=libero&erat=non&fermentum=mattis&justo=pulvinar&nec=nulla&condimentum=pede&neque=ullamcorper&sapien=augue&placerat=a&ante=suscipit&nulla=nulla&justo=elit&aliquam=ac&quis=nulla&turpis=sed&eget=vel&elit=enim&sodales=sit&scelerisque=amet&mauris=nunc&sit=viverra&amet=dapibus&eros=nulla&suspendisse=suscipit&accumsan=ligula&tortor=in&quis=lacus&turpis=curabitur&sed=at');
INSERT INTO Organization(org_name,org_country,org_factor,org_url) VALUES ('Koss, Abernathy and Morar',20,3,'https://noaa.gov/leo/maecenas/pulvinar/lobortis.jsp?sit=eget&amet=semper&eleifend=rutrum&pede=nulla&libero=nunc&quis=purus&orci=phasellus&nullam=in&molestie=felis&nibh=donec');
INSERT INTO Organization(org_name,org_country,org_factor,org_url) VALUES ('Kemmer-Thompson',1,3,'https://chicagotribune.com/non/sodales/sed/tincidunt/eu.png?dolor=viverra');
INSERT INTO Organization(org_name,org_country,org_factor,org_url) VALUES ('Klocko and Sons',2,3,'http://jiathis.com/vel/ipsum/praesent/blandit/lacinia/erat/vestibulum.png?lacus=enim&morbi=leo&sem=rhoncus&mauris=sed&laoreet=vestibulum&ut=sit&rhoncus=amet&aliquet=cursus&pulvinar=id&sed=turpis&nisl=integer&nunc=aliquet&rhoncus=massa&dui=id&vel=lobortis&sem=convallis&sed=tortor&sagittis=risus&nam=dapibus&congue=augue&risus=vel&semper=accumsan&porta=tellus&volutpat=nisi&quam=eu&pede=orci&lobortis=mauris&ligula=lacinia&sit=sapien&amet=quis&eleifend=libero&pede=nullam&libero=sit&quis=amet&orci=turpis&nullam=elementum&molestie=ligula&nibh=vehicula&in=consequat&lectus=morbi&pellentesque=a&at=ipsum&nulla=integer&suspendisse=a&potenti=nibh&cras=in&in=quis&purus=justo&eu=maecenas&magna=rhoncus&vulputate=aliquam&luctus=lacus&cum=morbi&sociis=quis&natoque=tortor&penatibus=id&et=nulla&magnis=ultrices&dis=aliquet&parturient=maecenas&montes=leo&nascetur=odio&ridiculus=condimentum&mus=id&vivamus=luctus&vestibulum=nec&sagittis=molestie&sapien=sed&cum=justo&sociis=pellentesque&natoque=viverra&penatibus=pede');
INSERT INTO Organization(org_name,org_country,org_factor,org_url) VALUES ('Swaniawski-Jast',14,2,'http://delicious.com/interdum/mauris/ullamcorper.html?at=erat&vulputate=id&vitae=mauris&nisl=vulputate&aenean=elementum&lectus=nullam&pellentesque=varius&eget=nulla&nunc=facilisi&donec=cras&quis=non&orci=velit&eget=nec&orci=nisi');
INSERT INTO Organization(org_name,org_country,org_factor,org_url) VALUES ('O''Conner, Gorczany and Stehr',15,2,'https://ox.ac.uk/porttitor/lorem/id/ligula/suspendisse.jsp?sit=turpis&amet=sed&lobortis=ante&sapien=vivamus&sapien=tortor&non=duis&mi=mattis&integer=egestas&ac=metus&neque=aenean&duis=fermentum&bibendum=donec&morbi=ut&non=mauris&quam=eget&nec=massa&dui=tempor&luctus=convallis&rutrum=nulla&nulla=neque&tellus=libero&in=convallis&sagittis=eget&dui=eleifend&vel=luctus&nisl=ultricies&duis=eu&ac=nibh&nibh=quisque&fusce=id&lacus=justo&purus=sit&aliquet=amet&at=sapien&feugiat=dignissim&non=vestibulum&pretium=vestibulum&quis=ante&lectus=ipsum&suspendisse=primis&potenti=in&in=faucibus&eleifend=orci&quam=luctus&a=et&odio=ultrices&in=posuere&hac=cubilia&habitasse=curae&platea=nulla&dictumst=dapibus&maecenas=dolor&ut=vel&massa=est&quis=donec&augue=odio&luctus=justo&tincidunt=sollicitudin&nulla=ut&mollis=suscipit&molestie=a&lorem=feugiat&quisque=et&ut=eros&erat=vestibulum&curabitur=ac&gravida=est&nisi=lacinia&at=nisi&nibh=venenatis&in=tristique&hac=fusce');
INSERT INTO Organization(org_name,org_country,org_factor,org_url) VALUES ('Stiedemann LLC',6,2,'http://chicagotribune.com/morbi/vestibulum/velit/id.jsp?lacus=nisl&curabitur=nunc&at=nisl&ipsum=duis&ac=bibendum&tellus=felis&semper=sed&interdum=interdum&mauris=venenatis&ullamcorper=turpis&purus=enim&sit=blandit&amet=mi&nulla=in&quisque=porttitor&arcu=pede&libero=justo&rutrum=eu&ac=massa&lobortis=donec&vel=dapibus&dapibus=duis&at=at&diam=velit&nam=eu&tristique=est&tortor=congue&eu=elementum&pede=in');
INSERT INTO Organization(org_name,org_country,org_factor,org_url) VALUES ('Stokes, Krajcik and Hessel',3,4,'http://sogou.com/aenean.xml?vestibulum=mauris&ante=viverra&ipsum=diam&primis=vitae&in=quam&faucibus=suspendisse&orci=potenti&luctus=nullam&et=porttitor&ultrices=lacus&posuere=at&cubilia=turpis&curae=donec&mauris=posuere&viverra=metus&diam=vitae&vitae=ipsum&quam=aliquam&suspendisse=non&potenti=mauris&nullam=morbi&porttitor=non&lacus=lectus&at=aliquam&turpis=sit&donec=amet&posuere=diam&metus=in&vitae=magna&ipsum=bibendum&aliquam=imperdiet&non=nullam&mauris=orci&morbi=pede&non=venenatis&lectus=non&aliquam=sodales&sit=sed&amet=tincidunt&diam=eu&in=felis&magna=fusce&bibendum=posuere&imperdiet=felis&nullam=sed&orci=lacus&pede=morbi&venenatis=sem&non=mauris&sodales=laoreet&sed=ut&tincidunt=rhoncus&eu=aliquet&felis=pulvinar&fusce=sed&posuere=nisl&felis=nunc&sed=rhoncus&lacus=dui&morbi=vel&sem=sem&mauris=sed&laoreet=sagittis&ut=nam&rhoncus=congue&aliquet=risus&pulvinar=semper&sed=porta&nisl=volutpat&nunc=quam&rhoncus=pede&dui=lobortis&vel=ligula&sem=sit&sed=amet&sagittis=eleifend&nam=pede&congue=libero&risus=quis&semper=orci&porta=nullam&volutpat=molestie&quam=nibh&pede=in&lobortis=lectus&ligula=pellentesque&sit=at&amet=nulla&eleifend=suspendisse&pede=potenti&libero=cras&quis=in&orci=purus&nullam=eu&molestie=magna');
INSERT INTO Organization(org_name,org_country,org_factor,org_url) VALUES ('Purdy, Pagac and Block',26,3,'https://nyu.edu/turpis/adipiscing/lorem/vitae/mattis.png?amet=nibh&diam=in&in=lectus&magna=pellentesque&bibendum=at&imperdiet=nulla&nullam=suspendisse&orci=potenti&pede=cras&venenatis=in&non=purus&sodales=eu&sed=magna&tincidunt=vulputate&eu=luctus&felis=cum&fusce=sociis&posuere=natoque&felis=penatibus&sed=et&lacus=magnis&morbi=dis&sem=parturient&mauris=montes&laoreet=nascetur&ut=ridiculus&rhoncus=mus&aliquet=vivamus&pulvinar=vestibulum&sed=sagittis&nisl=sapien&nunc=cum&rhoncus=sociis&dui=natoque&vel=penatibus&sem=et&sed=magnis&sagittis=dis&nam=parturient&congue=montes&risus=nascetur&semper=ridiculus&porta=mus&volutpat=etiam&quam=vel&pede=augue&lobortis=vestibulum&ligula=rutrum&sit=rutrum&amet=neque&eleifend=aenean&pede=auctor&libero=gravida&quis=sem&orci=praesent&nullam=id&molestie=massa&nibh=id&in=nisl&lectus=venenatis&pellentesque=lacinia&at=aenean&nulla=sit&suspendisse=amet&potenti=justo&cras=morbi&in=ut&purus=odio&eu=cras&magna=mi&vulputate=pede&luctus=malesuada&cum=in&sociis=imperdiet&natoque=et&penatibus=commodo&et=vulputate&magnis=justo&dis=in&parturient=blandit&montes=ultrices&nascetur=enim&ridiculus=lorem&mus=ipsum&vivamus=dolor&vestibulum=sit&sagittis=amet&sapien=consectetuer&cum=adipiscing&sociis=elit');
INSERT INTO Organization(org_name,org_country,org_factor,org_url) VALUES ('Hettinger LLC',17,3,'https://kickstarter.com/augue.jpg?nibh=lorem&in=ipsum&quis=dolor&justo=sit&maecenas=amet&rhoncus=consectetuer&aliquam=adipiscing&lacus=elit&morbi=proin&quis=risus&tortor=praesent&id=lectus&nulla=vestibulum&ultrices=quam&aliquet=sapien&maecenas=varius&leo=ut&odio=blandit&condimentum=non&id=interdum&luctus=in&nec=ante&molestie=vestibulum&sed=ante&justo=ipsum&pellentesque=primis&viverra=in');
INSERT INTO Organization(org_name,org_country,org_factor,org_url) VALUES ('Yost, Fadel and Schmitt',18,4,'https://arstechnica.com/accumsan/tortor.json?metus=amet&vitae=eleifend&ipsum=pede&aliquam=libero&non=quis&mauris=orci&morbi=nullam&non=molestie&lectus=nibh&aliquam=in&sit=lectus&amet=pellentesque&diam=at&in=nulla&magna=suspendisse&bibendum=potenti&imperdiet=cras&nullam=in&orci=purus&pede=eu');
INSERT INTO Organization(org_name,org_country,org_factor,org_url) VALUES ('Keebler LLC',7,4,'https://geocities.com/pede/ullamcorper/augue/a/suscipit/nulla.html?nulla=volutpat&elit=eleifend&ac=donec&nulla=ut&sed=dolor&vel=morbi&enim=vel&sit=lectus&amet=in&nunc=quam&viverra=fringilla&dapibus=rhoncus&nulla=mauris&suscipit=enim&ligula=leo&in=rhoncus&lacus=sed&curabitur=vestibulum&at=sit&ipsum=amet&ac=cursus&tellus=id&semper=turpis&interdum=integer');
INSERT INTO Organization(org_name,org_country,org_factor,org_url) VALUES ('Torphy, Turcotte and Fahey',5,4,'https://oakley.com/vulputate/elementum/nullam/varius.xml?etiam=mattis&vel=nibh&augue=ligula&vestibulum=nec&rutrum=sem&rutrum=duis&neque=aliquam&aenean=convallis&auctor=nunc&gravida=proin&sem=at&praesent=turpis&id=a&massa=pede&id=posuere&nisl=nonummy&venenatis=integer&lacinia=non&aenean=velit&sit=donec&amet=diam&justo=neque&morbi=vestibulum&ut=eget&odio=vulputate&cras=ut&mi=ultrices&pede=vel&malesuada=augue&in=vestibulum&imperdiet=ante&et=ipsum&commodo=primis&vulputate=in&justo=faucibus&in=orci&blandit=luctus&ultrices=et&enim=ultrices&lorem=posuere&ipsum=cubilia&dolor=curae&sit=donec&amet=pharetra&consectetuer=magna&adipiscing=vestibulum&elit=aliquet&proin=ultrices&interdum=erat&mauris=tortor&non=sollicitudin&ligula=mi&pellentesque=sit&ultrices=amet&phasellus=lobortis&id=sapien&sapien=sapien&in=non&sapien=mi&iaculis=integer&congue=ac&vivamus=neque&metus=duis&arcu=bibendum&adipiscing=morbi&molestie=non&hendrerit=quam&at=nec&vulputate=dui&vitae=luctus&nisl=rutrum&aenean=nulla&lectus=tellus&pellentesque=in');
INSERT INTO Organization(org_name,org_country,org_factor,org_url) VALUES ('Carroll-Witting',14,3,'https://mac.com/odio/curabitur/convallis/duis.jsp?nisl=dolor&aenean=sit&lectus=amet&pellentesque=consectetuer&eget=adipiscing&nunc=elit&donec=proin&quis=risus&orci=praesent&eget=lectus&orci=vestibulum&vehicula=quam&condimentum=sapien&curabitur=varius&in=ut&libero=blandit&ut=non');
INSERT INTO Organization(org_name,org_country,org_factor,org_url) VALUES ('Hodkiewicz-Kiehn',7,1,'http://taobao.com/dolor/vel/est.aspx?ante=ultrices&ipsum=posuere&primis=cubilia&in=curae&faucibus=duis&orci=faucibus&luctus=accumsan&et=odio&ultrices=curabitur&posuere=convallis&cubilia=duis&curae=consequat&nulla=dui&dapibus=nec&dolor=nisi&vel=volutpat&est=eleifend&donec=donec&odio=ut&justo=dolor&sollicitudin=morbi&ut=vel&suscipit=lectus&a=in&feugiat=quam&et=fringilla&eros=rhoncus&vestibulum=mauris&ac=enim&est=leo&lacinia=rhoncus&nisi=sed&venenatis=vestibulum&tristique=sit&fusce=amet&congue=cursus&diam=id&id=turpis&ornare=integer&imperdiet=aliquet&sapien=massa&urna=id&pretium=lobortis&nisl=convallis&ut=tortor&volutpat=risus&sapien=dapibus&arcu=augue&sed=vel&augue=accumsan&aliquam=tellus&erat=nisi&volutpat=eu&in=orci&congue=mauris&etiam=lacinia&justo=sapien&etiam=quis&pretium=libero&iaculis=nullam&justo=sit&in=amet&hac=turpis&habitasse=elementum&platea=ligula&dictumst=vehicula&etiam=consequat&faucibus=morbi&cursus=a&urna=ipsum&ut=integer&tellus=a&nulla=nibh&ut=in&erat=quis&id=justo&mauris=maecenas&vulputate=rhoncus&elementum=aliquam&nullam=lacus&varius=morbi&nulla=quis&facilisi=tortor&cras=id&non=nulla&velit=ultrices&nec=aliquet');
INSERT INTO Organization(org_name,org_country,org_factor,org_url) VALUES ('Stehr, Jakubowski and Jaskolski',10,1,'http://hhs.gov/bibendum/imperdiet/nullam/orci/pede/venenatis.png?imperdiet=sodales&sapien=scelerisque&urna=mauris&pretium=sit&nisl=amet&ut=eros&volutpat=suspendisse&sapien=accumsan&arcu=tortor&sed=quis&augue=turpis&aliquam=sed&erat=ante&volutpat=vivamus&in=tortor&congue=duis&etiam=mattis&justo=egestas&etiam=metus&pretium=aenean&iaculis=fermentum&justo=donec&in=ut');
INSERT INTO Organization(org_name,org_country,org_factor,org_url) VALUES ('Pagac, Grant and Anderson',15,2,'https://cisco.com/volutpat/quam/pede.jsp?lobortis=diam&sapien=vitae&sapien=quam&non=suspendisse&mi=potenti&integer=nullam&ac=porttitor&neque=lacus&duis=at&bibendum=turpis&morbi=donec&non=posuere&quam=metus&nec=vitae&dui=ipsum&luctus=aliquam&rutrum=non&nulla=mauris&tellus=morbi&in=non&sagittis=lectus&dui=aliquam&vel=sit&nisl=amet&duis=diam&ac=in&nibh=magna&fusce=bibendum&lacus=imperdiet&purus=nullam&aliquet=orci&at=pede&feugiat=venenatis&non=non&pretium=sodales&quis=sed&lectus=tincidunt&suspendisse=eu&potenti=felis&in=fusce&eleifend=posuere&quam=felis&a=sed&odio=lacus&in=morbi&hac=sem&habitasse=mauris&platea=laoreet&dictumst=ut&maecenas=rhoncus&ut=aliquet&massa=pulvinar&quis=sed&augue=nisl&luctus=nunc&tincidunt=rhoncus&nulla=dui&mollis=vel&molestie=sem&lorem=sed&quisque=sagittis&ut=nam&erat=congue&curabitur=risus&gravida=semper&nisi=porta&at=volutpat&nibh=quam&in=pede&hac=lobortis&habitasse=ligula&platea=sit&dictumst=amet&aliquam=eleifend&augue=pede&quam=libero&sollicitudin=quis&vitae=orci&consectetuer=nullam&eget=molestie&rutrum=nibh&at=in&lorem=lectus&integer=pellentesque&tincidunt=at&ante=nulla&vel=suspendisse&ipsum=potenti&praesent=cras&blandit=in&lacinia=purus&erat=eu&vestibulum=magna');
INSERT INTO Organization(org_name,org_country,org_factor,org_url) VALUES ('Hills, Klocko and Bruen',2,3,'https://patch.com/pellentesque/quisque.jsp?sapien=fusce&varius=lacus');
INSERT INTO Organization(org_name,org_country,org_factor,org_url) VALUES ('Sawayn Group',9,3,'http://lycos.com/in/faucibus/orci/luctus.json?luctus=adipiscing&nec=elit&molestie=proin&sed=interdum&justo=mauris&pellentesque=non&viverra=ligula&pede=pellentesque&ac=ultrices&diam=phasellus&cras=id&pellentesque=sapien&volutpat=in&dui=sapien&maecenas=iaculis&tristique=congue&est=vivamus&et=metus&tempus=arcu&semper=adipiscing&est=molestie&quam=hendrerit&pharetra=at&magna=vulputate&ac=vitae&consequat=nisl&metus=aenean&sapien=lectus&ut=pellentesque&nunc=eget&vestibulum=nunc&ante=donec&ipsum=quis&primis=orci&in=eget&faucibus=orci&orci=vehicula&luctus=condimentum&et=curabitur&ultrices=in&posuere=libero&cubilia=ut&curae=massa&mauris=volutpat&viverra=convallis&diam=morbi&vitae=odio&quam=odio&suspendisse=elementum&potenti=eu&nullam=interdum&porttitor=eu&lacus=tincidunt&at=in&turpis=leo&donec=maecenas&posuere=pulvinar&metus=lobortis&vitae=est&ipsum=phasellus&aliquam=sit&non=amet&mauris=erat&morbi=nulla&non=tempus&lectus=vivamus&aliquam=in&sit=felis&amet=eu&diam=sapien&in=cursus&magna=vestibulum&bibendum=proin&imperdiet=eu&nullam=mi&orci=nulla&pede=ac&venenatis=enim&non=in&sodales=tempor&sed=turpis&tincidunt=nec&eu=euismod&felis=scelerisque&fusce=quam&posuere=turpis');
INSERT INTO Organization(org_name,org_country,org_factor,org_url) VALUES ('Gottlieb-McLaughlin',8,4,'http://illinois.edu/pharetra/magna/vestibulum/aliquet.xml?etiam=ipsum&vel=praesent&augue=blandit&vestibulum=lacinia&rutrum=erat&rutrum=vestibulum&neque=sed&aenean=magna&auctor=at&gravida=nunc&sem=commodo&praesent=placerat&id=praesent&massa=blandit&id=nam&nisl=nulla&venenatis=integer&lacinia=pede&aenean=justo&sit=lacinia&amet=eget&justo=tincidunt&morbi=eget&ut=tempus&odio=vel&cras=pede&mi=morbi&pede=porttitor&malesuada=lorem&in=id&imperdiet=ligula&et=suspendisse&commodo=ornare&vulputate=consequat&justo=lectus');
INSERT INTO Organization(org_name,org_country,org_factor,org_url) VALUES ('Rutherford Group',18,4,'https://oaic.gov.au/scelerisque/mauris/sit/amet.jsp?adipiscing=massa&elit=quis&proin=augue&interdum=luctus&mauris=tincidunt&non=nulla&ligula=mollis&pellentesque=molestie&ultrices=lorem&phasellus=quisque&id=ut&sapien=erat&in=curabitur&sapien=gravida&iaculis=nisi&congue=at&vivamus=nibh&metus=in&arcu=hac&adipiscing=habitasse&molestie=platea&hendrerit=dictumst&at=aliquam&vulputate=augue&vitae=quam&nisl=sollicitudin&aenean=vitae&lectus=consectetuer&pellentesque=eget&eget=rutrum&nunc=at&donec=lorem&quis=integer&orci=tincidunt&eget=ante&orci=vel&vehicula=ipsum&condimentum=praesent&curabitur=blandit&in=lacinia&libero=erat&ut=vestibulum&massa=sed&volutpat=magna&convallis=at&morbi=nunc&odio=commodo&odio=placerat&elementum=praesent&eu=blandit&interdum=nam&eu=nulla&tincidunt=integer&in=pede&leo=justo&maecenas=lacinia&pulvinar=eget&lobortis=tincidunt&est=eget&phasellus=tempus&sit=vel&amet=pede&erat=morbi&nulla=porttitor&tempus=lorem&vivamus=id&in=ligula&felis=suspendisse&eu=ornare&sapien=consequat&cursus=lectus&vestibulum=in&proin=est&eu=risus&mi=auctor&nulla=sed&ac=tristique&enim=in&in=tempus&tempor=sit&turpis=amet&nec=sem&euismod=fusce&scelerisque=consequat');
INSERT INTO Organization(org_name,org_country,org_factor,org_url) VALUES ('Grimes and Sons',22,3,'http://about.me/imperdiet/sapien/urna/pretium/nisl/ut/volutpat.xml?augue=vestibulum&aliquam=eget&erat=vulputate&volutpat=ut&in=ultrices');
INSERT INTO Organization(org_name,org_country,org_factor,org_url) VALUES ('Lang, Simonis and West',21,2,'http://archive.org/nunc/purus/phasellus/in.jsp?sagittis=quisque&sapien=ut&cum=erat&sociis=curabitur&natoque=gravida&penatibus=nisi&et=at&magnis=nibh&dis=in&parturient=hac&montes=habitasse&nascetur=platea&ridiculus=dictumst&mus=aliquam&etiam=augue&vel=quam&augue=sollicitudin&vestibulum=vitae&rutrum=consectetuer&rutrum=eget&neque=rutrum&aenean=at&auctor=lorem&gravida=integer&sem=tincidunt&praesent=ante&id=vel&massa=ipsum');
INSERT INTO Organization(org_name,org_country,org_factor,org_url) VALUES ('Romaguera, Corwin and Nader',23,3,'https://nifty.com/et/ultrices/posuere/cubilia/curae.jsp?mollis=duis&molestie=faucibus&lorem=accumsan&quisque=odio&ut=curabitur&erat=convallis&curabitur=duis&gravida=consequat&nisi=dui&at=nec&nibh=nisi&in=volutpat&hac=eleifend&habitasse=donec&platea=ut&dictumst=dolor&aliquam=morbi&augue=vel&quam=lectus&sollicitudin=in&vitae=quam&consectetuer=fringilla&eget=rhoncus&rutrum=mauris&at=enim&lorem=leo&integer=rhoncus&tincidunt=sed&ante=vestibulum&vel=sit&ipsum=amet&praesent=cursus&blandit=id&lacinia=turpis&erat=integer&vestibulum=aliquet&sed=massa&magna=id&at=lobortis&nunc=convallis&commodo=tortor&placerat=risus&praesent=dapibus&blandit=augue&nam=vel&nulla=accumsan&integer=tellus&pede=nisi&justo=eu&lacinia=orci&eget=mauris&tincidunt=lacinia&eget=sapien&tempus=quis&vel=libero&pede=nullam&morbi=sit&porttitor=amet&lorem=turpis&id=elementum&ligula=ligula&suspendisse=vehicula&ornare=consequat&consequat=morbi&lectus=a');
INSERT INTO Organization(org_name,org_country,org_factor,org_url) VALUES ('Hudson LLC',25,1,'https://wikipedia.org/non/mauris/morbi/non.json?sem=tincidunt&praesent=eget&id=tempus&massa=vel&id=pede&nisl=morbi&venenatis=porttitor&lacinia=lorem&aenean=id&sit=ligula&amet=suspendisse');
INSERT INTO Organization(org_name,org_country,org_factor,org_url) VALUES ('Romaguera Group',25,3,'http://bloglovin.com/in/lectus/pellentesque/at/nulla/suspendisse/potenti.jpg?quam=volutpat&sapien=quam&varius=pede&ut=lobortis&blandit=ligula&non=sit&interdum=amet&in=eleifend&ante=pede&vestibulum=libero&ante=quis&ipsum=orci&primis=nullam&in=molestie&faucibus=nibh&orci=in&luctus=lectus&et=pellentesque&ultrices=at&posuere=nulla&cubilia=suspendisse&curae=potenti&duis=cras&faucibus=in&accumsan=purus&odio=eu&curabitur=magna&convallis=vulputate&duis=luctus&consequat=cum&dui=sociis&nec=natoque&nisi=penatibus&volutpat=et&eleifend=magnis&donec=dis&ut=parturient&dolor=montes&morbi=nascetur&vel=ridiculus&lectus=mus&in=vivamus&quam=vestibulum&fringilla=sagittis&rhoncus=sapien&mauris=cum&enim=sociis&leo=natoque&rhoncus=penatibus&sed=et&vestibulum=magnis&sit=dis&amet=parturient&cursus=montes&id=nascetur&turpis=ridiculus&integer=mus&aliquet=etiam&massa=vel&id=augue&lobortis=vestibulum&convallis=rutrum&tortor=rutrum&risus=neque&dapibus=aenean&augue=auctor&vel=gravida&accumsan=sem&tellus=praesent');
INSERT INTO Organization(org_name,org_country,org_factor,org_url) VALUES ('Kris-Nitzsche',23,3,'https://ucoz.ru/nam/nulla/integer.json?bibendum=aliquam&felis=sit&sed=amet&interdum=diam&venenatis=in&turpis=magna&enim=bibendum&blandit=imperdiet&mi=nullam&in=orci&porttitor=pede&pede=venenatis&justo=non&eu=sodales&massa=sed&donec=tincidunt&dapibus=eu&duis=felis&at=fusce&velit=posuere&eu=felis&est=sed&congue=lacus&elementum=morbi&in=sem&hac=mauris&habitasse=laoreet&platea=ut&dictumst=rhoncus&morbi=aliquet&vestibulum=pulvinar&velit=sed&id=nisl&pretium=nunc&iaculis=rhoncus&diam=dui&erat=vel&fermentum=sem&justo=sed&nec=sagittis&condimentum=nam&neque=congue&sapien=risus&placerat=semper&ante=porta&nulla=volutpat&justo=quam&aliquam=pede&quis=lobortis&turpis=ligula&eget=sit&elit=amet&sodales=eleifend&scelerisque=pede&mauris=libero&sit=quis&amet=orci&eros=nullam&suspendisse=molestie');
INSERT INTO Organization(org_name,org_country,org_factor,org_url) VALUES ('Hartmann, Bradtke and Brown',6,1,'https://tiny.cc/eros/viverra.png?vel=et&sem=ultrices&sed=posuere&sagittis=cubilia&nam=curae&congue=donec&risus=pharetra&semper=magna&porta=vestibulum&volutpat=aliquet&quam=ultrices&pede=erat&lobortis=tortor&ligula=sollicitudin&sit=mi&amet=sit&eleifend=amet&pede=lobortis&libero=sapien&quis=sapien&orci=non&nullam=mi&molestie=integer&nibh=ac&in=neque&lectus=duis&pellentesque=bibendum&at=morbi&nulla=non&suspendisse=quam&potenti=nec&cras=dui&in=luctus&purus=rutrum&eu=nulla&magna=tellus&vulputate=in&luctus=sagittis&cum=dui&sociis=vel&natoque=nisl&penatibus=duis&et=ac&magnis=nibh&dis=fusce&parturient=lacus&montes=purus&nascetur=aliquet&ridiculus=at&mus=feugiat&vivamus=non&vestibulum=pretium&sagittis=quis&sapien=lectus&cum=suspendisse&sociis=potenti&natoque=in&penatibus=eleifend&et=quam&magnis=a&dis=odio&parturient=in&montes=hac&nascetur=habitasse&ridiculus=platea&mus=dictumst&etiam=maecenas&vel=ut&augue=massa&vestibulum=quis&rutrum=augue&rutrum=luctus&neque=tincidunt&aenean=nulla&auctor=mollis&gravida=molestie&sem=lorem&praesent=quisque&id=ut&massa=erat&id=curabitur&nisl=gravida&venenatis=nisi');
INSERT INTO Organization(org_name,org_country,org_factor,org_url) VALUES ('Olson-Franecki',13,3,'https://soup.io/mauris/viverra/diam/vitae.png?nulla=volutpat&ultrices=dui&aliquet=maecenas&maecenas=tristique&leo=est&odio=et&condimentum=tempus&id=semper&luctus=est&nec=quam&molestie=pharetra&sed=magna&justo=ac&pellentesque=consequat&viverra=metus&pede=sapien&ac=ut&diam=nunc&cras=vestibulum&pellentesque=ante&volutpat=ipsum&dui=primis&maecenas=in&tristique=faucibus&est=orci&et=luctus&tempus=et&semper=ultrices&est=posuere&quam=cubilia&pharetra=curae&magna=mauris&ac=viverra&consequat=diam&metus=vitae&sapien=quam&ut=suspendisse&nunc=potenti&vestibulum=nullam&ante=porttitor&ipsum=lacus&primis=at&in=turpis&faucibus=donec&orci=posuere&luctus=metus&et=vitae&ultrices=ipsum&posuere=aliquam&cubilia=non&curae=mauris&mauris=morbi&viverra=non&diam=lectus&vitae=aliquam&quam=sit&suspendisse=amet&potenti=diam&nullam=in&porttitor=magna&lacus=bibendum&at=imperdiet&turpis=nullam&donec=orci&posuere=pede&metus=venenatis&vitae=non&ipsum=sodales&aliquam=sed&non=tincidunt&mauris=eu&morbi=felis&non=fusce&lectus=posuere&aliquam=felis&sit=sed&amet=lacus&diam=morbi&in=sem&magna=mauris&bibendum=laoreet&imperdiet=ut&nullam=rhoncus&orci=aliquet&pede=pulvinar&venenatis=sed&non=nisl&sodales=nunc&sed=rhoncus&tincidunt=dui&eu=vel&felis=sem&fusce=sed&posuere=sagittis&felis=nam&sed=congue&lacus=risus&morbi=semper&sem=porta');
INSERT INTO Organization(org_name,org_country,org_factor,org_url) VALUES ('Hintz-Parisian',25,2,'http://hibu.com/adipiscing/molestie/hendrerit/at.aspx?arcu=semper&libero=rutrum&rutrum=nulla&ac=nunc&lobortis=purus&vel=phasellus');
INSERT INTO Organization(org_name,org_country,org_factor,org_url) VALUES ('Wunsch-Miller',6,1,'https://vimeo.com/pede/justo.png?quam=turpis&sollicitudin=integer&vitae=aliquet&consectetuer=massa&eget=id&rutrum=lobortis&at=convallis&lorem=tortor&integer=risus&tincidunt=dapibus&ante=augue&vel=vel&ipsum=accumsan&praesent=tellus&blandit=nisi&lacinia=eu&erat=orci&vestibulum=mauris&sed=lacinia&magna=sapien&at=quis&nunc=libero&commodo=nullam&placerat=sit&praesent=amet&blandit=turpis&nam=elementum&nulla=ligula&integer=vehicula&pede=consequat&justo=morbi&lacinia=a&eget=ipsum&tincidunt=integer&eget=a&tempus=nibh&vel=in&pede=quis&morbi=justo&porttitor=maecenas&lorem=rhoncus&id=aliquam&ligula=lacus&suspendisse=morbi&ornare=quis&consequat=tortor&lectus=id&in=nulla&est=ultrices&risus=aliquet&auctor=maecenas&sed=leo&tristique=odio&in=condimentum&tempus=id&sit=luctus&amet=nec&sem=molestie&fusce=sed&consequat=justo&nulla=pellentesque&nisl=viverra&nunc=pede&nisl=ac&duis=diam&bibendum=cras&felis=pellentesque&sed=volutpat&interdum=dui&venenatis=maecenas&turpis=tristique&enim=est&blandit=et&mi=tempus&in=semper&porttitor=est&pede=quam&justo=pharetra&eu=magna&massa=ac&donec=consequat&dapibus=metus&duis=sapien');
INSERT INTO Organization(org_name,org_country,org_factor,org_url) VALUES ('Bashirian-Bechtelar',6,1,'https://pen.io/eleifend/donec/ut/dolor/morbi/vel.jpg?eget=rhoncus&semper=aliquam&rutrum=lacus&nulla=morbi&nunc=quis&purus=tortor&phasellus=id&in=nulla&felis=ultrices&donec=aliquet&semper=maecenas&sapien=leo&a=odio&libero=condimentum&nam=id&dui=luctus&proin=nec&leo=molestie&odio=sed&porttitor=justo&id=pellentesque&consequat=viverra&in=pede&consequat=ac&ut=diam&nulla=cras&sed=pellentesque&accumsan=volutpat&felis=dui&ut=maecenas&at=tristique&dolor=est&quis=et&odio=tempus&consequat=semper&varius=est&integer=quam&ac=pharetra&leo=magna&pellentesque=ac&ultrices=consequat&mattis=metus&odio=sapien&donec=ut&vitae=nunc&nisi=vestibulum&nam=ante&ultrices=ipsum&libero=primis&non=in&mattis=faucibus&pulvinar=orci&nulla=luctus&pede=et&ullamcorper=ultrices&augue=posuere&a=cubilia&suscipit=curae&nulla=mauris&elit=viverra&ac=diam&nulla=vitae&sed=quam&vel=suspendisse&enim=potenti&sit=nullam&amet=porttitor&nunc=lacus&viverra=at&dapibus=turpis&nulla=donec&suscipit=posuere&ligula=metus&in=vitae&lacus=ipsum&curabitur=aliquam&at=non&ipsum=mauris&ac=morbi&tellus=non&semper=lectus');
INSERT INTO Organization(org_name,org_country,org_factor,org_url) VALUES ('Denesik, Moen and MacGyver',15,3,'https://barnesandnoble.com/diam/id/ornare/imperdiet/sapien/urna/pretium.aspx?nulla=quis&eget=justo&eros=maecenas&elementum=rhoncus&pellentesque=aliquam&quisque=lacus&porta=morbi&volutpat=quis&erat=tortor&quisque=id&erat=nulla&eros=ultrices&viverra=aliquet&eget=maecenas&congue=leo&eget=odio&semper=condimentum&rutrum=id&nulla=luctus&nunc=nec&purus=molestie&phasellus=sed&in=justo&felis=pellentesque&donec=viverra&semper=pede&sapien=ac&a=diam');
INSERT INTO Organization(org_name,org_country,org_factor,org_url) VALUES ('Wunsch and Sons',8,4,'https://nbcnews.com/rutrum/neque/aenean.json?id=integer&justo=pede&sit=justo&amet=lacinia&sapien=eget&dignissim=tincidunt&vestibulum=eget&vestibulum=tempus&ante=vel&ipsum=pede&primis=morbi&in=porttitor&faucibus=lorem&orci=id&luctus=ligula&et=suspendisse&ultrices=ornare&posuere=consequat&cubilia=lectus&curae=in&nulla=est&dapibus=risus&dolor=auctor&vel=sed&est=tristique&donec=in&odio=tempus&justo=sit&sollicitudin=amet&ut=sem&suscipit=fusce&a=consequat&feugiat=nulla&et=nisl&eros=nunc&vestibulum=nisl&ac=duis&est=bibendum&lacinia=felis&nisi=sed');
INSERT INTO Organization(org_name,org_country,org_factor,org_url) VALUES ('Stracke-Hermann',20,4,'https://creativecommons.org/in.json?rutrum=nunc&neque=proin&aenean=at&auctor=turpis&gravida=a&sem=pede&praesent=posuere&id=nonummy&massa=integer&id=non&nisl=velit&venenatis=donec&lacinia=diam&aenean=neque&sit=vestibulum&amet=eget&justo=vulputate&morbi=ut&ut=ultrices&odio=vel&cras=augue&mi=vestibulum&pede=ante&malesuada=ipsum&in=primis&imperdiet=in&et=faucibus&commodo=orci&vulputate=luctus&justo=et&in=ultrices&blandit=posuere&ultrices=cubilia&enim=curae&lorem=donec&ipsum=pharetra&dolor=magna&sit=vestibulum&amet=aliquet&consectetuer=ultrices&adipiscing=erat&elit=tortor&proin=sollicitudin&interdum=mi&mauris=sit&non=amet&ligula=lobortis&pellentesque=sapien&ultrices=sapien&phasellus=non&id=mi&sapien=integer&in=ac&sapien=neque&iaculis=duis&congue=bibendum&vivamus=morbi&metus=non&arcu=quam&adipiscing=nec&molestie=dui&hendrerit=luctus&at=rutrum&vulputate=nulla&vitae=tellus&nisl=in&aenean=sagittis&lectus=dui&pellentesque=vel&eget=nisl&nunc=duis&donec=ac&quis=nibh&orci=fusce&eget=lacus&orci=purus&vehicula=aliquet&condimentum=at&curabitur=feugiat');
INSERT INTO Organization(org_name,org_country,org_factor,org_url) VALUES ('Sipes, O''Keefe and Olson',6,3,'http://pen.io/enim/sit/amet/nunc/viverra/dapibus/nulla.js?congue=lorem&etiam=quisque&justo=ut&etiam=erat&pretium=curabitur&iaculis=gravida&justo=nisi&in=at&hac=nibh&habitasse=in&platea=hac&dictumst=habitasse&etiam=platea&faucibus=dictumst&cursus=aliquam&urna=augue&ut=quam&tellus=sollicitudin&nulla=vitae&ut=consectetuer&erat=eget&id=rutrum&mauris=at&vulputate=lorem&elementum=integer&nullam=tincidunt&varius=ante&nulla=vel&facilisi=ipsum&cras=praesent&non=blandit&velit=lacinia&nec=erat&nisi=vestibulum&vulputate=sed&nonummy=magna&maecenas=at&tincidunt=nunc&lacus=commodo&at=placerat&velit=praesent&vivamus=blandit&vel=nam&nulla=nulla&eget=integer&eros=pede&elementum=justo&pellentesque=lacinia&quisque=eget&porta=tincidunt&volutpat=eget&erat=tempus&quisque=vel&erat=pede&eros=morbi&viverra=porttitor&eget=lorem&congue=id&eget=ligula&semper=suspendisse&rutrum=ornare&nulla=consequat&nunc=lectus&purus=in&phasellus=est&in=risus&felis=auctor&donec=sed&semper=tristique&sapien=in&a=tempus&libero=sit&nam=amet&dui=sem');
INSERT INTO Organization(org_name,org_country,org_factor,org_url) VALUES ('Kunze-Rolfson',25,2,'https://ucoz.ru/tortor/duis/mattis/egestas/metus.jpg?turpis=vel&a=ipsum&pede=praesent&posuere=blandit&nonummy=lacinia&integer=erat&non=vestibulum&velit=sed&donec=magna&diam=at&neque=nunc&vestibulum=commodo&eget=placerat&vulputate=praesent&ut=blandit&ultrices=nam&vel=nulla&augue=integer&vestibulum=pede&ante=justo&ipsum=lacinia&primis=eget&in=tincidunt&faucibus=eget&orci=tempus&luctus=vel&et=pede');
INSERT INTO Organization(org_name,org_country,org_factor,org_url) VALUES ('Jerde Inc',26,1,'http://rediff.com/quam/suspendisse/potenti/nullam.js?donec=quisque');
INSERT INTO Organization(org_name,org_country,org_factor,org_url) VALUES ('Kuhn LLC',3,3,'http://chicagotribune.com/pede/malesuada/in.json?vulputate=in&luctus=hac&cum=habitasse&sociis=platea');
INSERT INTO Organization(org_name,org_country,org_factor,org_url) VALUES ('Abshire, Ruecker and Greenfelder',24,4,'https://amazon.de/pulvinar/lobortis/est/phasellus/sit.png?enim=morbi&leo=sem&rhoncus=mauris&sed=laoreet&vestibulum=ut&sit=rhoncus&amet=aliquet&cursus=pulvinar&id=sed&turpis=nisl&integer=nunc&aliquet=rhoncus&massa=dui&id=vel&lobortis=sem&convallis=sed&tortor=sagittis&risus=nam&dapibus=congue&augue=risus&vel=semper&accumsan=porta&tellus=volutpat&nisi=quam&eu=pede&orci=lobortis&mauris=ligula&lacinia=sit&sapien=amet&quis=eleifend&libero=pede&nullam=libero&sit=quis&amet=orci&turpis=nullam&elementum=molestie&ligula=nibh&vehicula=in&consequat=lectus&morbi=pellentesque&a=at&ipsum=nulla&integer=suspendisse&a=potenti');
INSERT INTO Organization(org_name,org_country,org_factor,org_url) VALUES ('Moen, Larson and Olson',21,2,'https://studiopress.com/aliquet/maecenas/leo.js?tortor=morbi&risus=quis&dapibus=tortor&augue=id&vel=nulla&accumsan=ultrices&tellus=aliquet&nisi=maecenas&eu=leo&orci=odio&mauris=condimentum&lacinia=id&sapien=luctus&quis=nec&libero=molestie&nullam=sed&sit=justo&amet=pellentesque&turpis=viverra&elementum=pede&ligula=ac&vehicula=diam&consequat=cras&morbi=pellentesque&a=volutpat&ipsum=dui&integer=maecenas&a=tristique&nibh=est&in=et&quis=tempus&justo=semper&maecenas=est&rhoncus=quam&aliquam=pharetra&lacus=magna&morbi=ac&quis=consequat&tortor=metus&id=sapien&nulla=ut&ultrices=nunc&aliquet=vestibulum&maecenas=ante&leo=ipsum&odio=primis&condimentum=in&id=faucibus&luctus=orci&nec=luctus&molestie=et&sed=ultrices&justo=posuere&pellentesque=cubilia&viverra=curae&pede=mauris&ac=viverra&diam=diam&cras=vitae&pellentesque=quam&volutpat=suspendisse&dui=potenti&maecenas=nullam&tristique=porttitor&est=lacus&et=at&tempus=turpis&semper=donec&est=posuere&quam=metus&pharetra=vitae&magna=ipsum&ac=aliquam&consequat=non&metus=mauris&sapien=morbi&ut=non&nunc=lectus&vestibulum=aliquam&ante=sit&ipsum=amet&primis=diam&in=in&faucibus=magna&orci=bibendum&luctus=imperdiet&et=nullam&ultrices=orci&posuere=pede');
INSERT INTO Organization(org_name,org_country,org_factor,org_url) VALUES ('Jacobi-Wisoky',2,1,'https://businessinsider.com/lacus/at/turpis/donec.jsp?vivamus=consectetuer&vel=eget&nulla=rutrum&eget=at&eros=lorem');
INSERT INTO Organization(org_name,org_country,org_factor,org_url) VALUES ('Pfannerstill-Morissette',8,1,'https://google.co.jp/porttitor/lacus/at/turpis/donec.jpg?metus=pellentesque&arcu=quisque&adipiscing=porta&molestie=volutpat&hendrerit=erat&at=quisque&vulputate=erat&vitae=eros&nisl=viverra&aenean=eget&lectus=congue&pellentesque=eget&eget=semper&nunc=rutrum&donec=nulla&quis=nunc&orci=purus&eget=phasellus&orci=in&vehicula=felis&condimentum=donec&curabitur=semper&in=sapien&libero=a&ut=libero&massa=nam&volutpat=dui&convallis=proin&morbi=leo&odio=odio&odio=porttitor&elementum=id&eu=consequat&interdum=in&eu=consequat&tincidunt=ut&in=nulla&leo=sed&maecenas=accumsan&pulvinar=felis&lobortis=ut&est=at&phasellus=dolor&sit=quis&amet=odio&erat=consequat&nulla=varius&tempus=integer&vivamus=ac&in=leo&felis=pellentesque&eu=ultrices&sapien=mattis&cursus=odio');
INSERT INTO Organization(org_name,org_country,org_factor,org_url) VALUES ('Ankunding-Corwin',20,4,'https://sphinn.com/mauris/viverra/diam/vitae/quam/suspendisse/potenti.xml?sollicitudin=nullam&ut=molestie&suscipit=nibh&a=in&feugiat=lectus&et=pellentesque&eros=at&vestibulum=nulla&ac=suspendisse&est=potenti&lacinia=cras&nisi=in&venenatis=purus&tristique=eu&fusce=magna&congue=vulputate&diam=luctus&id=cum&ornare=sociis&imperdiet=natoque&sapien=penatibus&urna=et&pretium=magnis&nisl=dis&ut=parturient&volutpat=montes&sapien=nascetur&arcu=ridiculus&sed=mus&augue=vivamus&aliquam=vestibulum&erat=sagittis&volutpat=sapien&in=cum&congue=sociis&etiam=natoque&justo=penatibus&etiam=et&pretium=magnis&iaculis=dis&justo=parturient&in=montes&hac=nascetur&habitasse=ridiculus&platea=mus&dictumst=etiam&etiam=vel&faucibus=augue&cursus=vestibulum&urna=rutrum&ut=rutrum&tellus=neque&nulla=aenean&ut=auctor&erat=gravida&id=sem&mauris=praesent&vulputate=id&elementum=massa&nullam=id&varius=nisl&nulla=venenatis&facilisi=lacinia&cras=aenean&non=sit&velit=amet&nec=justo&nisi=morbi&vulputate=ut');
INSERT INTO Organization(org_name,org_country,org_factor,org_url) VALUES ('Parisian, Feil and Mertz',22,2,'https://acquirethisname.com/lectus/suspendisse/potenti/in/eleifend.xml?vehicula=lectus&consequat=in&morbi=est&a=risus&ipsum=auctor&integer=sed&a=tristique&nibh=in&in=tempus&quis=sit&justo=amet&maecenas=sem&rhoncus=fusce&aliquam=consequat&lacus=nulla&morbi=nisl&quis=nunc&tortor=nisl&id=duis&nulla=bibendum&ultrices=felis&aliquet=sed&maecenas=interdum&leo=venenatis&odio=turpis&condimentum=enim&id=blandit&luctus=mi&nec=in&molestie=porttitor&sed=pede&justo=justo&pellentesque=eu&viverra=massa&pede=donec&ac=dapibus&diam=duis&cras=at&pellentesque=velit&volutpat=eu&dui=est&maecenas=congue&tristique=elementum&est=in&et=hac&tempus=habitasse&semper=platea&est=dictumst&quam=morbi&pharetra=vestibulum&magna=velit&ac=id&consequat=pretium&metus=iaculis&sapien=diam&ut=erat&nunc=fermentum&vestibulum=justo&ante=nec&ipsum=condimentum&primis=neque&in=sapien&faucibus=placerat&orci=ante&luctus=nulla&et=justo&ultrices=aliquam&posuere=quis&cubilia=turpis&curae=eget&mauris=elit&viverra=sodales&diam=scelerisque&vitae=mauris&quam=sit&suspendisse=amet&potenti=eros&nullam=suspendisse&porttitor=accumsan&lacus=tortor&at=quis&turpis=turpis&donec=sed&posuere=ante&metus=vivamus&vitae=tortor&ipsum=duis&aliquam=mattis&non=egestas&mauris=metus&morbi=aenean&non=fermentum&lectus=donec&aliquam=ut&sit=mauris&amet=eget&diam=massa&in=tempor');
INSERT INTO Organization(org_name,org_country,org_factor,org_url) VALUES ('Keeling LLC',19,2,'https://hubpages.com/interdum/mauris/ullamcorper/purus.html?odio=nulla&elementum=nisl&eu=nunc&interdum=nisl&eu=duis&tincidunt=bibendum&in=felis&leo=sed&maecenas=interdum&pulvinar=venenatis&lobortis=turpis&est=enim&phasellus=blandit&sit=mi&amet=in&erat=porttitor&nulla=pede&tempus=justo&vivamus=eu&in=massa&felis=donec&eu=dapibus&sapien=duis&cursus=at&vestibulum=velit&proin=eu&eu=est&mi=congue&nulla=elementum&ac=in&enim=hac&in=habitasse&tempor=platea&turpis=dictumst&nec=morbi&euismod=vestibulum&scelerisque=velit&quam=id&turpis=pretium&adipiscing=iaculis&lorem=diam&vitae=erat&mattis=fermentum&nibh=justo&ligula=nec&nec=condimentum&sem=neque&duis=sapien&aliquam=placerat&convallis=ante&nunc=nulla&proin=justo&at=aliquam&turpis=quis&a=turpis&pede=eget&posuere=elit&nonummy=sodales&integer=scelerisque&non=mauris&velit=sit&donec=amet&diam=eros&neque=suspendisse&vestibulum=accumsan&eget=tortor&vulputate=quis&ut=turpis&ultrices=sed&vel=ante&augue=vivamus&vestibulum=tortor&ante=duis&ipsum=mattis&primis=egestas&in=metus&faucibus=aenean&orci=fermentum&luctus=donec&et=ut&ultrices=mauris&posuere=eget&cubilia=massa&curae=tempor&donec=convallis&pharetra=nulla&magna=neque&vestibulum=libero&aliquet=convallis&ultrices=eget&erat=eleifend&tortor=luctus&sollicitudin=ultricies&mi=eu&sit=nibh&amet=quisque&lobortis=id');
INSERT INTO Organization(org_name,org_country,org_factor,org_url) VALUES ('McCullough, Rutherford and Jast',9,3,'http://behance.net/enim/lorem/ipsum/dolor/sit/amet.json?consequat=nullam&dui=molestie&nec=nibh&nisi=in&volutpat=lectus&eleifend=pellentesque&donec=at&ut=nulla&dolor=suspendisse&morbi=potenti&vel=cras&lectus=in&in=purus&quam=eu&fringilla=magna&rhoncus=vulputate&mauris=luctus&enim=cum&leo=sociis&rhoncus=natoque&sed=penatibus&vestibulum=et&sit=magnis&amet=dis&cursus=parturient&id=montes&turpis=nascetur&integer=ridiculus&aliquet=mus&massa=vivamus&id=vestibulum&lobortis=sagittis&convallis=sapien&tortor=cum&risus=sociis&dapibus=natoque&augue=penatibus&vel=et&accumsan=magnis&tellus=dis&nisi=parturient&eu=montes&orci=nascetur&mauris=ridiculus&lacinia=mus&sapien=etiam&quis=vel&libero=augue&nullam=vestibulum&sit=rutrum&amet=rutrum&turpis=neque&elementum=aenean&ligula=auctor&vehicula=gravida');
INSERT INTO Organization(org_name,org_country,org_factor,org_url) VALUES ('Rice Inc',10,1,'http://techcrunch.com/justo/pellentesque.html?donec=fusce&dapibus=congue&duis=diam&at=id&velit=ornare&eu=imperdiet&est=sapien&congue=urna&elementum=pretium&in=nisl&hac=ut&habitasse=volutpat&platea=sapien&dictumst=arcu&morbi=sed&vestibulum=augue&velit=aliquam&id=erat&pretium=volutpat&iaculis=in&diam=congue&erat=etiam&fermentum=justo&justo=etiam&nec=pretium&condimentum=iaculis');
INSERT INTO Organization(org_name,org_country,org_factor,org_url) VALUES ('Beier Inc',3,1,'https://ezinearticles.com/aliquet/maecenas/leo.xml?sed=elementum&augue=ligula&aliquam=vehicula&erat=consequat&volutpat=morbi&in=a&congue=ipsum&etiam=integer&justo=a&etiam=nibh&pretium=in&iaculis=quis&justo=justo&in=maecenas&hac=rhoncus&habitasse=aliquam&platea=lacus&dictumst=morbi&etiam=quis&faucibus=tortor&cursus=id&urna=nulla&ut=ultrices&tellus=aliquet&nulla=maecenas&ut=leo&erat=odio&id=condimentum&mauris=id&vulputate=luctus&elementum=nec&nullam=molestie&varius=sed&nulla=justo&facilisi=pellentesque&cras=viverra&non=pede&velit=ac&nec=diam&nisi=cras&vulputate=pellentesque&nonummy=volutpat&maecenas=dui&tincidunt=maecenas&lacus=tristique&at=est');
INSERT INTO Organization(org_name,org_country,org_factor,org_url) VALUES ('Kuhn-Bogan',2,2,'https://edublogs.org/vel.aspx?fusce=ut&lacus=odio&purus=cras&aliquet=mi');
INSERT INTO Organization(org_name,org_country,org_factor,org_url) VALUES ('Auer-Halvorson',2,1,'http://discovery.com/dapibus/augue/vel.html?morbi=nulla&a=nunc&ipsum=purus&integer=phasellus&a=in&nibh=felis&in=donec&quis=semper&justo=sapien&maecenas=a&rhoncus=libero&aliquam=nam&lacus=dui&morbi=proin&quis=leo&tortor=odio&id=porttitor&nulla=id&ultrices=consequat&aliquet=in&maecenas=consequat&leo=ut&odio=nulla&condimentum=sed&id=accumsan&luctus=felis&nec=ut&molestie=at&sed=dolor&justo=quis&pellentesque=odio&viverra=consequat&pede=varius&ac=integer&diam=ac&cras=leo&pellentesque=pellentesque&volutpat=ultrices&dui=mattis&maecenas=odio&tristique=donec&est=vitae&et=nisi&tempus=nam&semper=ultrices&est=libero&quam=non&pharetra=mattis&magna=pulvinar&ac=nulla&consequat=pede&metus=ullamcorper&sapien=augue&ut=a&nunc=suscipit&vestibulum=nulla&ante=elit&ipsum=ac&primis=nulla&in=sed&faucibus=vel&orci=enim&luctus=sit&et=amet&ultrices=nunc&posuere=viverra&cubilia=dapibus&curae=nulla&mauris=suscipit&viverra=ligula&diam=in&vitae=lacus&quam=curabitur&suspendisse=at&potenti=ipsum&nullam=ac&porttitor=tellus');
INSERT INTO Organization(org_name,org_country,org_factor,org_url) VALUES ('Considine LLC',15,1,'https://hp.com/consequat/dui/nec.jpg?penatibus=diam&et=neque&magnis=vestibulum&dis=eget&parturient=vulputate&montes=ut&nascetur=ultrices&ridiculus=vel&mus=augue&etiam=vestibulum&vel=ante&augue=ipsum&vestibulum=primis&rutrum=in&rutrum=faucibus&neque=orci&aenean=luctus&auctor=et&gravida=ultrices&sem=posuere&praesent=cubilia&id=curae&massa=donec&id=pharetra&nisl=magna&venenatis=vestibulum&lacinia=aliquet&aenean=ultrices&sit=erat&amet=tortor&justo=sollicitudin&morbi=mi&ut=sit&odio=amet&cras=lobortis&mi=sapien&pede=sapien&malesuada=non&in=mi&imperdiet=integer&et=ac&commodo=neque&vulputate=duis&justo=bibendum&in=morbi&blandit=non&ultrices=quam&enim=nec&lorem=dui&ipsum=luctus&dolor=rutrum&sit=nulla&amet=tellus&consectetuer=in&adipiscing=sagittis&elit=dui&proin=vel&interdum=nisl&mauris=duis&non=ac&ligula=nibh&pellentesque=fusce&ultrices=lacus&phasellus=purus&id=aliquet&sapien=at&in=feugiat');
INSERT INTO Organization(org_name,org_country,org_factor,org_url) VALUES ('Nitzsche, Friesen and Rau',12,2,'http://howstuffworks.com/curabitur.html?non=dolor&quam=morbi&nec=vel&dui=lectus&luctus=in&rutrum=quam&nulla=fringilla&tellus=rhoncus&in=mauris&sagittis=enim&dui=leo&vel=rhoncus&nisl=sed&duis=vestibulum&ac=sit&nibh=amet&fusce=cursus&lacus=id&purus=turpis&aliquet=integer&at=aliquet&feugiat=massa&non=id&pretium=lobortis&quis=convallis&lectus=tortor&suspendisse=risus&potenti=dapibus&in=augue&eleifend=vel&quam=accumsan&a=tellus&odio=nisi&in=eu&hac=orci&habitasse=mauris&platea=lacinia&dictumst=sapien&maecenas=quis&ut=libero&massa=nullam&quis=sit&augue=amet&luctus=turpis&tincidunt=elementum&nulla=ligula&mollis=vehicula&molestie=consequat&lorem=morbi&quisque=a&ut=ipsum&erat=integer&curabitur=a&gravida=nibh&nisi=in&at=quis');
INSERT INTO Organization(org_name,org_country,org_factor,org_url) VALUES ('Hamill-Wintheiser',13,4,'https://ucoz.com/cras/mi/pede/malesuada/in/imperdiet.js?tortor=erat&sollicitudin=volutpat&mi=in&sit=congue&amet=etiam&lobortis=justo&sapien=etiam&sapien=pretium&non=iaculis&mi=justo&integer=in&ac=hac&neque=habitasse&duis=platea&bibendum=dictumst&morbi=etiam&non=faucibus&quam=cursus&nec=urna&dui=ut&luctus=tellus&rutrum=nulla&nulla=ut&tellus=erat&in=id&sagittis=mauris&dui=vulputate&vel=elementum&nisl=nullam&duis=varius&ac=nulla');
INSERT INTO Organization(org_name,org_country,org_factor,org_url) VALUES ('Dickinson-Wisoky',11,4,'https://merriam-webster.com/phasellus/sit/amet/erat/nulla.xml?neque=ac&libero=enim&convallis=in&eget=tempor&eleifend=turpis&luctus=nec&ultricies=euismod&eu=scelerisque&nibh=quam&quisque=turpis&id=adipiscing&justo=lorem&sit=vitae&amet=mattis&sapien=nibh&dignissim=ligula&vestibulum=nec&vestibulum=sem&ante=duis&ipsum=aliquam&primis=convallis&in=nunc&faucibus=proin&orci=at&luctus=turpis&et=a&ultrices=pede&posuere=posuere&cubilia=nonummy&curae=integer&nulla=non&dapibus=velit&dolor=donec&vel=diam&est=neque&donec=vestibulum&odio=eget&justo=vulputate&sollicitudin=ut&ut=ultrices&suscipit=vel&a=augue&feugiat=vestibulum&et=ante&eros=ipsum');
INSERT INTO Organization(org_name,org_country,org_factor,org_url) VALUES ('Von, Klein and Kulas',13,1,'https://cloudflare.com/neque/vestibulum/eget/vulputate/ut/ultrices/vel.xml?feugiat=cursus&et=id&eros=turpis&vestibulum=integer&ac=aliquet&est=massa&lacinia=id&nisi=lobortis&venenatis=convallis&tristique=tortor&fusce=risus&congue=dapibus&diam=augue&id=vel&ornare=accumsan&imperdiet=tellus&sapien=nisi&urna=eu&pretium=orci&nisl=mauris&ut=lacinia&volutpat=sapien&sapien=quis&arcu=libero&sed=nullam&augue=sit&aliquam=amet&erat=turpis&volutpat=elementum&in=ligula&congue=vehicula&etiam=consequat&justo=morbi&etiam=a&pretium=ipsum&iaculis=integer&justo=a&in=nibh&hac=in&habitasse=quis&platea=justo&dictumst=maecenas&etiam=rhoncus&faucibus=aliquam&cursus=lacus&urna=morbi&ut=quis&tellus=tortor&nulla=id&ut=nulla&erat=ultrices');
INSERT INTO Organization(org_name,org_country,org_factor,org_url) VALUES ('Rippin Group',17,2,'http://is.gd/vestibulum/quam/sapien/varius.html?felis=volutpat&fusce=quam&posuere=pede&felis=lobortis&sed=ligula&lacus=sit&morbi=amet');
INSERT INTO Organization(org_name,org_country,org_factor,org_url) VALUES ('Hodkiewicz, Lind and Flatley',8,1,'https://free.fr/a/feugiat/et/eros/vestibulum/ac.html?eros=nisl&vestibulum=duis&ac=ac&est=nibh&lacinia=fusce&nisi=lacus&venenatis=purus&tristique=aliquet&fusce=at&congue=feugiat&diam=non&id=pretium&ornare=quis&imperdiet=lectus&sapien=suspendisse&urna=potenti&pretium=in&nisl=eleifend');
INSERT INTO Organization(org_name,org_country,org_factor,org_url) VALUES ('Nader, Cartwright and Barton',25,2,'http://google.fr/mi/integer/ac/neque/duis/bibendum.js?sit=orci&amet=luctus&erat=et&nulla=ultrices&tempus=posuere&vivamus=cubilia&in=curae&felis=duis&eu=faucibus&sapien=accumsan&cursus=odio&vestibulum=curabitur&proin=convallis&eu=duis&mi=consequat&nulla=dui&ac=nec&enim=nisi&in=volutpat&tempor=eleifend&turpis=donec&nec=ut&euismod=dolor&scelerisque=morbi&quam=vel&turpis=lectus&adipiscing=in&lorem=quam&vitae=fringilla&mattis=rhoncus&nibh=mauris&ligula=enim&nec=leo&sem=rhoncus&duis=sed&aliquam=vestibulum&convallis=sit&nunc=amet&proin=cursus&at=id&turpis=turpis&a=integer&pede=aliquet&posuere=massa&nonummy=id&integer=lobortis&non=convallis&velit=tortor&donec=risus&diam=dapibus&neque=augue&vestibulum=vel&eget=accumsan&vulputate=tellus&ut=nisi&ultrices=eu&vel=orci&augue=mauris&vestibulum=lacinia&ante=sapien&ipsum=quis&primis=libero&in=nullam&faucibus=sit&orci=amet&luctus=turpis&et=elementum&ultrices=ligula&posuere=vehicula&cubilia=consequat&curae=morbi&donec=a&pharetra=ipsum&magna=integer&vestibulum=a&aliquet=nibh&ultrices=in&erat=quis&tortor=justo&sollicitudin=maecenas&mi=rhoncus&sit=aliquam&amet=lacus&lobortis=morbi&sapien=quis&sapien=tortor&non=id&mi=nulla&integer=ultrices&ac=aliquet&neque=maecenas&duis=leo&bibendum=odio&morbi=condimentum');
INSERT INTO Organization(org_name,org_country,org_factor,org_url) VALUES ('O''Conner Inc',4,4,'https://jugem.jp/orci/luctus/et/ultrices/posuere.json?quam=odio&turpis=porttitor&adipiscing=id&lorem=consequat&vitae=in&mattis=consequat&nibh=ut&ligula=nulla&nec=sed&sem=accumsan&duis=felis&aliquam=ut&convallis=at&nunc=dolor&proin=quis&at=odio&turpis=consequat&a=varius&pede=integer&posuere=ac&nonummy=leo&integer=pellentesque&non=ultrices&velit=mattis&donec=odio&diam=donec&neque=vitae&vestibulum=nisi&eget=nam&vulputate=ultrices&ut=libero&ultrices=non&vel=mattis&augue=pulvinar&vestibulum=nulla&ante=pede&ipsum=ullamcorper&primis=augue&in=a&faucibus=suscipit&orci=nulla&luctus=elit&et=ac&ultrices=nulla&posuere=sed&cubilia=vel&curae=enim&donec=sit&pharetra=amet&magna=nunc&vestibulum=viverra&aliquet=dapibus&ultrices=nulla');
INSERT INTO Organization(org_name,org_country,org_factor,org_url) VALUES ('Flatley-Kuvalis',11,4,'https://issuu.com/nunc.html?non=vestibulum&interdum=aliquet&in=ultrices&ante=erat&vestibulum=tortor&ante=sollicitudin&ipsum=mi&primis=sit&in=amet&faucibus=lobortis&orci=sapien&luctus=sapien&et=non&ultrices=mi&posuere=integer&cubilia=ac&curae=neque&duis=duis&faucibus=bibendum&accumsan=morbi&odio=non&curabitur=quam&convallis=nec&duis=dui&consequat=luctus&dui=rutrum&nec=nulla&nisi=tellus&volutpat=in&eleifend=sagittis&donec=dui&ut=vel&dolor=nisl&morbi=duis&vel=ac&lectus=nibh&in=fusce&quam=lacus&fringilla=purus&rhoncus=aliquet&mauris=at&enim=feugiat&leo=non&rhoncus=pretium&sed=quis&vestibulum=lectus&sit=suspendisse&amet=potenti&cursus=in&id=eleifend&turpis=quam&integer=a&aliquet=odio&massa=in&id=hac&lobortis=habitasse&convallis=platea&tortor=dictumst&risus=maecenas&dapibus=ut&augue=massa&vel=quis&accumsan=augue&tellus=luctus');
INSERT INTO Organization(org_name,org_country,org_factor,org_url) VALUES ('Gottlieb-Feest',5,2,'http://yahoo.com/luctus/et/ultrices/posuere/cubilia.js?ultrices=et&posuere=ultrices&cubilia=posuere&curae=cubilia&donec=curae&pharetra=donec&magna=pharetra&vestibulum=magna&aliquet=vestibulum&ultrices=aliquet&erat=ultrices&tortor=erat&sollicitudin=tortor&mi=sollicitudin&sit=mi&amet=sit&lobortis=amet&sapien=lobortis&sapien=sapien&non=sapien&mi=non&integer=mi&ac=integer&neque=ac&duis=neque&bibendum=duis&morbi=bibendum&non=morbi&quam=non&nec=quam&dui=nec&luctus=dui&rutrum=luctus&nulla=rutrum&tellus=nulla&in=tellus&sagittis=in&dui=sagittis&vel=dui&nisl=vel&duis=nisl&ac=duis&nibh=ac&fusce=nibh&lacus=fusce&purus=lacus&aliquet=purus&at=aliquet');
INSERT INTO Organization(org_name,org_country,org_factor,org_url) VALUES ('Fadel and Sons',6,4,'http://altervista.org/nullam/varius/nulla/facilisi/cras/non.jpg?mus=dis&etiam=parturient&vel=montes&augue=nascetur&vestibulum=ridiculus&rutrum=mus&rutrum=etiam&neque=vel&aenean=augue&auctor=vestibulum&gravida=rutrum&sem=rutrum&praesent=neque&id=aenean&massa=auctor&id=gravida&nisl=sem&venenatis=praesent&lacinia=id&aenean=massa&sit=id&amet=nisl&justo=venenatis&morbi=lacinia&ut=aenean&odio=sit&cras=amet&mi=justo&pede=morbi&malesuada=ut&in=odio&imperdiet=cras&et=mi&commodo=pede&vulputate=malesuada&justo=in&in=imperdiet&blandit=et&ultrices=commodo&enim=vulputate&lorem=justo&ipsum=in&dolor=blandit&sit=ultrices&amet=enim&consectetuer=lorem&adipiscing=ipsum&elit=dolor&proin=sit&interdum=amet&mauris=consectetuer&non=adipiscing&ligula=elit&pellentesque=proin&ultrices=interdum&phasellus=mauris&id=non&sapien=ligula&in=pellentesque&sapien=ultrices&iaculis=phasellus&congue=id&vivamus=sapien&metus=in&arcu=sapien&adipiscing=iaculis&molestie=congue&hendrerit=vivamus');
INSERT INTO Organization(org_name,org_country,org_factor,org_url) VALUES ('Heidenreich Inc',4,1,'https://flavors.me/non/interdum/in/ante/vestibulum.aspx?at=ligula&turpis=sit&a=amet&pede=eleifend&posuere=pede&nonummy=libero&integer=quis&non=orci&velit=nullam&donec=molestie&diam=nibh&neque=in&vestibulum=lectus&eget=pellentesque&vulputate=at');
INSERT INTO Organization(org_name,org_country,org_factor,org_url) VALUES ('Little, Koepp and Kovacek',5,2,'https://google.ca/cubilia/curae/duis.png?ipsum=phasellus&aliquam=sit&non=amet&mauris=erat&morbi=nulla&non=tempus&lectus=vivamus&aliquam=in&sit=felis&amet=eu&diam=sapien&in=cursus&magna=vestibulum&bibendum=proin&imperdiet=eu&nullam=mi&orci=nulla&pede=ac&venenatis=enim&non=in&sodales=tempor&sed=turpis&tincidunt=nec&eu=euismod&felis=scelerisque&fusce=quam&posuere=turpis&felis=adipiscing&sed=lorem&lacus=vitae');
INSERT INTO Organization(org_name,org_country,org_factor,org_url) VALUES ('Graham and Sons',17,1,'https://globo.com/vehicula/consequat/morbi/a/ipsum.html?ac=augue&leo=vel&pellentesque=accumsan&ultrices=tellus&mattis=nisi&odio=eu&donec=orci&vitae=mauris&nisi=lacinia&nam=sapien&ultrices=quis&libero=libero&non=nullam&mattis=sit&pulvinar=amet&nulla=turpis&pede=elementum&ullamcorper=ligula&augue=vehicula&a=consequat&suscipit=morbi&nulla=a&elit=ipsum&ac=integer&nulla=a&sed=nibh&vel=in&enim=quis&sit=justo&amet=maecenas&nunc=rhoncus&viverra=aliquam&dapibus=lacus&nulla=morbi&suscipit=quis&ligula=tortor&in=id&lacus=nulla&curabitur=ultrices&at=aliquet');
INSERT INTO Organization(org_name,org_country,org_factor,org_url) VALUES ('Satterfield-Upton',2,1,'http://sohu.com/phasellus/sit/amet/erat/nulla.png?amet=donec&sapien=ut&dignissim=dolor&vestibulum=morbi&vestibulum=vel');
INSERT INTO Organization(org_name,org_country,org_factor,org_url) VALUES ('Pollich Group',20,1,'http://elpais.com/varius/ut/blandit/non.js?sed=vitae&magna=mattis&at=nibh&nunc=ligula&commodo=nec&placerat=sem&praesent=duis&blandit=aliquam&nam=convallis&nulla=nunc&integer=proin&pede=at&justo=turpis&lacinia=a&eget=pede&tincidunt=posuere&eget=nonummy&tempus=integer&vel=non&pede=velit&morbi=donec&porttitor=diam&lorem=neque&id=vestibulum&ligula=eget&suspendisse=vulputate&ornare=ut&consequat=ultrices&lectus=vel&in=augue&est=vestibulum&risus=ante&auctor=ipsum&sed=primis&tristique=in&in=faucibus&tempus=orci&sit=luctus&amet=et&sem=ultrices&fusce=posuere&consequat=cubilia&nulla=curae&nisl=donec&nunc=pharetra&nisl=magna&duis=vestibulum&bibendum=aliquet&felis=ultrices&sed=erat&interdum=tortor&venenatis=sollicitudin&turpis=mi&enim=sit&blandit=amet&mi=lobortis&in=sapien&porttitor=sapien&pede=non&justo=mi&eu=integer&massa=ac&donec=neque&dapibus=duis&duis=bibendum&at=morbi&velit=non&eu=quam&est=nec&congue=dui');
INSERT INTO Organization(org_name,org_country,org_factor,org_url) VALUES ('Mante-Kuhlman',4,1,'https://walmart.com/sit/amet/diam/in/magna/bibendum/imperdiet.png?vestibulum=aliquet&aliquet=maecenas&ultrices=leo&erat=odio&tortor=condimentum&sollicitudin=id&mi=luctus&sit=nec&amet=molestie&lobortis=sed&sapien=justo&sapien=pellentesque&non=viverra&mi=pede&integer=ac&ac=diam&neque=cras&duis=pellentesque&bibendum=volutpat&morbi=dui&non=maecenas&quam=tristique&nec=est&dui=et&luctus=tempus&rutrum=semper&nulla=est&tellus=quam&in=pharetra&sagittis=magna&dui=ac&vel=consequat&nisl=metus&duis=sapien&ac=ut&nibh=nunc&fusce=vestibulum&lacus=ante&purus=ipsum&aliquet=primis&at=in&feugiat=faucibus&non=orci&pretium=luctus&quis=et&lectus=ultrices&suspendisse=posuere&potenti=cubilia&in=curae&eleifend=mauris&quam=viverra&a=diam&odio=vitae&in=quam&hac=suspendisse&habitasse=potenti&platea=nullam&dictumst=porttitor&maecenas=lacus&ut=at&massa=turpis&quis=donec&augue=posuere&luctus=metus&tincidunt=vitae&nulla=ipsum&mollis=aliquam&molestie=non&lorem=mauris&quisque=morbi&ut=non&erat=lectus&curabitur=aliquam&gravida=sit&nisi=amet&at=diam&nibh=in&in=magna&hac=bibendum&habitasse=imperdiet&platea=nullam&dictumst=orci&aliquam=pede&augue=venenatis&quam=non&sollicitudin=sodales&vitae=sed&consectetuer=tincidunt&eget=eu&rutrum=felis&at=fusce&lorem=posuere&integer=felis&tincidunt=sed');
INSERT INTO Organization(org_name,org_country,org_factor,org_url) VALUES ('Goldner, Hudson and Hills',3,3,'https://etsy.com/parturient/montes/nascetur.html?bibendum=iaculis&morbi=justo&non=in&quam=hac&nec=habitasse&dui=platea&luctus=dictumst&rutrum=etiam&nulla=faucibus&tellus=cursus&in=urna&sagittis=ut&dui=tellus&vel=nulla&nisl=ut&duis=erat&ac=id&nibh=mauris&fusce=vulputate&lacus=elementum&purus=nullam&aliquet=varius&at=nulla&feugiat=facilisi&non=cras&pretium=non&quis=velit&lectus=nec&suspendisse=nisi&potenti=vulputate&in=nonummy&eleifend=maecenas&quam=tincidunt&a=lacus&odio=at&in=velit&hac=vivamus&habitasse=vel&platea=nulla&dictumst=eget&maecenas=eros&ut=elementum&massa=pellentesque&quis=quisque&augue=porta&luctus=volutpat&tincidunt=erat&nulla=quisque&mollis=erat&molestie=eros&lorem=viverra&quisque=eget&ut=congue&erat=eget&curabitur=semper&gravida=rutrum&nisi=nulla&at=nunc&nibh=purus&in=phasellus&hac=in&habitasse=felis&platea=donec&dictumst=semper&aliquam=sapien&augue=a&quam=libero&sollicitudin=nam&vitae=dui&consectetuer=proin&eget=leo&rutrum=odio&at=porttitor&lorem=id&integer=consequat&tincidunt=in&ante=consequat&vel=ut&ipsum=nulla&praesent=sed&blandit=accumsan&lacinia=felis&erat=ut&vestibulum=at&sed=dolor&magna=quis&at=odio&nunc=consequat&commodo=varius&placerat=integer&praesent=ac&blandit=leo&nam=pellentesque&nulla=ultrices&integer=mattis&pede=odio&justo=donec&lacinia=vitae');
INSERT INTO Organization(org_name,org_country,org_factor,org_url) VALUES ('Ondricka-Deckow',9,3,'http://delicious.com/erat/tortor/sollicitudin.js?potenti=diam&cras=id&in=ornare&purus=imperdiet&eu=sapien&magna=urna&vulputate=pretium&luctus=nisl&cum=ut&sociis=volutpat&natoque=sapien&penatibus=arcu&et=sed&magnis=augue&dis=aliquam&parturient=erat&montes=volutpat&nascetur=in&ridiculus=congue&mus=etiam&vivamus=justo&vestibulum=etiam&sagittis=pretium&sapien=iaculis&cum=justo&sociis=in&natoque=hac&penatibus=habitasse&et=platea&magnis=dictumst&dis=etiam&parturient=faucibus&montes=cursus&nascetur=urna&ridiculus=ut&mus=tellus&etiam=nulla&vel=ut&augue=erat&vestibulum=id&rutrum=mauris&rutrum=vulputate&neque=elementum&aenean=nullam&auctor=varius');
INSERT INTO Organization(org_name,org_country,org_factor,org_url) VALUES ('Brakus LLC',20,4,'https://sciencedirect.com/mauris/lacinia/sapien/quis/libero/nullam.jsp?volutpat=lacinia&eleifend=erat&donec=vestibulum&ut=sed&dolor=magna&morbi=at&vel=nunc&lectus=commodo&in=placerat&quam=praesent&fringilla=blandit&rhoncus=nam&mauris=nulla&enim=integer&leo=pede&rhoncus=justo&sed=lacinia&vestibulum=eget&sit=tincidunt&amet=eget&cursus=tempus&id=vel&turpis=pede&integer=morbi&aliquet=porttitor&massa=lorem&id=id&lobortis=ligula&convallis=suspendisse&tortor=ornare&risus=consequat&dapibus=lectus&augue=in&vel=est&accumsan=risus&tellus=auctor&nisi=sed&eu=tristique&orci=in&mauris=tempus&lacinia=sit&sapien=amet&quis=sem&libero=fusce&nullam=consequat&sit=nulla&amet=nisl&turpis=nunc&elementum=nisl&ligula=duis&vehicula=bibendum&consequat=felis&morbi=sed&a=interdum&ipsum=venenatis&integer=turpis&a=enim&nibh=blandit&in=mi&quis=in&justo=porttitor&maecenas=pede&rhoncus=justo&aliquam=eu&lacus=massa&morbi=donec&quis=dapibus&tortor=duis&id=at&nulla=velit&ultrices=eu&aliquet=est&maecenas=congue&leo=elementum&odio=in&condimentum=hac&id=habitasse&luctus=platea&nec=dictumst&molestie=morbi&sed=vestibulum&justo=velit&pellentesque=id&viverra=pretium&pede=iaculis&ac=diam&diam=erat&cras=fermentum&pellentesque=justo&volutpat=nec&dui=condimentum&maecenas=neque&tristique=sapien');
INSERT INTO Organization(org_name,org_country,org_factor,org_url) VALUES ('Nolan, Kulas and Hirthe',24,3,'http://sfgate.com/ut/erat/id/mauris/vulputate/elementum.xml?proin=penatibus&leo=et&odio=magnis&porttitor=dis&id=parturient&consequat=montes&in=nascetur&consequat=ridiculus&ut=mus&nulla=etiam&sed=vel&accumsan=augue&felis=vestibulum&ut=rutrum&at=rutrum&dolor=neque&quis=aenean&odio=auctor&consequat=gravida&varius=sem&integer=praesent&ac=id&leo=massa&pellentesque=id&ultrices=nisl&mattis=venenatis&odio=lacinia&donec=aenean&vitae=sit&nisi=amet&nam=justo&ultrices=morbi&libero=ut&non=odio&mattis=cras&pulvinar=mi&nulla=pede&pede=malesuada&ullamcorper=in&augue=imperdiet&a=et&suscipit=commodo&nulla=vulputate&elit=justo&ac=in');
INSERT INTO Organization(org_name,org_country,org_factor,org_url) VALUES ('Schroeder, Raynor and Feest',7,3,'https://hibu.com/eros.jsp?vitae=consequat&quam=nulla&suspendisse=nisl&potenti=nunc&nullam=nisl&porttitor=duis&lacus=bibendum&at=felis&turpis=sed&donec=interdum&posuere=venenatis&metus=turpis&vitae=enim&ipsum=blandit&aliquam=mi&non=in&mauris=porttitor&morbi=pede&non=justo&lectus=eu&aliquam=massa&sit=donec&amet=dapibus&diam=duis&in=at&magna=velit&bibendum=eu&imperdiet=est&nullam=congue&orci=elementum&pede=in&venenatis=hac&non=habitasse&sodales=platea&sed=dictumst&tincidunt=morbi&eu=vestibulum&felis=velit&fusce=id&posuere=pretium&felis=iaculis&sed=diam&lacus=erat&morbi=fermentum&sem=justo&mauris=nec&laoreet=condimentum');
INSERT INTO Organization(org_name,org_country,org_factor,org_url) VALUES ('Corkery, Kling and Goodwin',24,1,'https://wiley.com/nisl/nunc/rhoncus/dui/vel.html?massa=duis&volutpat=consequat&convallis=dui&morbi=nec&odio=nisi&odio=volutpat&elementum=eleifend&eu=donec&interdum=ut&eu=dolor&tincidunt=morbi&in=vel&leo=lectus&maecenas=in&pulvinar=quam&lobortis=fringilla&est=rhoncus&phasellus=mauris&sit=enim&amet=leo&erat=rhoncus&nulla=sed&tempus=vestibulum&vivamus=sit&in=amet&felis=cursus&eu=id&sapien=turpis&cursus=integer&vestibulum=aliquet&proin=massa&eu=id&mi=lobortis&nulla=convallis&ac=tortor&enim=risus&in=dapibus&tempor=augue&turpis=vel&nec=accumsan&euismod=tellus&scelerisque=nisi&quam=eu&turpis=orci&adipiscing=mauris&lorem=lacinia&vitae=sapien&mattis=quis&nibh=libero&ligula=nullam&nec=sit&sem=amet&duis=turpis&aliquam=elementum&convallis=ligula&nunc=vehicula&proin=consequat&at=morbi&turpis=a&a=ipsum&pede=integer&posuere=a&nonummy=nibh&integer=in&non=quis');
INSERT INTO Organization(org_name,org_country,org_factor,org_url) VALUES ('O''Reilly and Sons',4,2,'https://skyrock.com/mi/integer.xml?sodales=dui&sed=proin&tincidunt=leo&eu=odio&felis=porttitor&fusce=id&posuere=consequat&felis=in&sed=consequat&lacus=ut&morbi=nulla&sem=sed&mauris=accumsan&laoreet=felis&ut=ut&rhoncus=at&aliquet=dolor&pulvinar=quis&sed=odio&nisl=consequat&nunc=varius&rhoncus=integer&dui=ac&vel=leo&sem=pellentesque&sed=ultrices&sagittis=mattis&nam=odio&congue=donec&risus=vitae&semper=nisi&porta=nam&volutpat=ultrices&quam=libero&pede=non&lobortis=mattis&ligula=pulvinar&sit=nulla&amet=pede&eleifend=ullamcorper&pede=augue&libero=a&quis=suscipit&orci=nulla&nullam=elit&molestie=ac&nibh=nulla&in=sed&lectus=vel&pellentesque=enim&at=sit&nulla=amet&suspendisse=nunc&potenti=viverra&cras=dapibus&in=nulla&purus=suscipit&eu=ligula&magna=in&vulputate=lacus&luctus=curabitur&cum=at&sociis=ipsum&natoque=ac&penatibus=tellus&et=semper&magnis=interdum&dis=mauris&parturient=ullamcorper');
INSERT INTO Organization(org_name,org_country,org_factor,org_url) VALUES ('Kerluke and Sons',22,4,'http://1und1.de/nisl/venenatis/lacinia/aenean/sit.xml?amet=ultrices&erat=posuere&nulla=cubilia&tempus=curae&vivamus=donec&in=pharetra&felis=magna&eu=vestibulum&sapien=aliquet&cursus=ultrices&vestibulum=erat&proin=tortor&eu=sollicitudin&mi=mi&nulla=sit&ac=amet&enim=lobortis&in=sapien&tempor=sapien&turpis=non&nec=mi&euismod=integer&scelerisque=ac&quam=neque&turpis=duis&adipiscing=bibendum&lorem=morbi&vitae=non&mattis=quam&nibh=nec&ligula=dui&nec=luctus&sem=rutrum&duis=nulla&aliquam=tellus&convallis=in&nunc=sagittis&proin=dui&at=vel&turpis=nisl&a=duis&pede=ac&posuere=nibh&nonummy=fusce&integer=lacus&non=purus&velit=aliquet&donec=at&diam=feugiat&neque=non&vestibulum=pretium&eget=quis&vulputate=lectus&ut=suspendisse&ultrices=potenti&vel=in&augue=eleifend&vestibulum=quam&ante=a&ipsum=odio&primis=in&in=hac&faucibus=habitasse&orci=platea&luctus=dictumst&et=maecenas&ultrices=ut&posuere=massa&cubilia=quis&curae=augue&donec=luctus&pharetra=tincidunt&magna=nulla&vestibulum=mollis');
INSERT INTO Organization(org_name,org_country,org_factor,org_url) VALUES ('Schaden, Hettinger and Sipes',12,1,'https://cargocollective.com/natoque.jsp?pellentesque=molestie&quisque=sed&porta=justo&volutpat=pellentesque&erat=viverra&quisque=pede&erat=ac&eros=diam&viverra=cras&eget=pellentesque&congue=volutpat&eget=dui&semper=maecenas&rutrum=tristique&nulla=est&nunc=et');
INSERT INTO Organization(org_name,org_country,org_factor,org_url) VALUES ('Mertz, Sawayn and Maggio',21,1,'http://fc2.com/malesuada/in/imperdiet/et/commodo/vulputate/justo.png?justo=dolor&lacinia=sit&eget=amet&tincidunt=consectetuer&eget=adipiscing&tempus=elit&vel=proin&pede=interdum&morbi=mauris&porttitor=non&lorem=ligula&id=pellentesque&ligula=ultrices&suspendisse=phasellus&ornare=id&consequat=sapien&lectus=in&in=sapien&est=iaculis&risus=congue&auctor=vivamus&sed=metus&tristique=arcu&in=adipiscing&tempus=molestie&sit=hendrerit&amet=at&sem=vulputate&fusce=vitae&consequat=nisl&nulla=aenean&nisl=lectus&nunc=pellentesque&nisl=eget&duis=nunc&bibendum=donec&felis=quis&sed=orci&interdum=eget&venenatis=orci&turpis=vehicula&enim=condimentum&blandit=curabitur&mi=in&in=libero&porttitor=ut&pede=massa&justo=volutpat&eu=convallis&massa=morbi&donec=odio&dapibus=odio&duis=elementum&at=eu&velit=interdum&eu=eu&est=tincidunt&congue=in&elementum=leo&in=maecenas&hac=pulvinar&habitasse=lobortis&platea=est&dictumst=phasellus&morbi=sit&vestibulum=amet&velit=erat&id=nulla&pretium=tempus&iaculis=vivamus');
INSERT INTO Organization(org_name,org_country,org_factor,org_url) VALUES ('Mann and Sons',19,3,'https://wordpress.org/eget/vulputate/ut/ultrices/vel/augue/vestibulum.png?congue=aenean&etiam=lectus&justo=pellentesque&etiam=eget&pretium=nunc&iaculis=donec&justo=quis&in=orci&hac=eget&habitasse=orci&platea=vehicula&dictumst=condimentum&etiam=curabitur&faucibus=in&cursus=libero&urna=ut&ut=massa&tellus=volutpat&nulla=convallis&ut=morbi&erat=odio&id=odio&mauris=elementum&vulputate=eu&elementum=interdum&nullam=eu&varius=tincidunt&nulla=in&facilisi=leo&cras=maecenas&non=pulvinar&velit=lobortis&nec=est&nisi=phasellus&vulputate=sit&nonummy=amet&maecenas=erat&tincidunt=nulla&lacus=tempus&at=vivamus&velit=in&vivamus=felis&vel=eu&nulla=sapien&eget=cursus&eros=vestibulum&elementum=proin&pellentesque=eu&quisque=mi&porta=nulla&volutpat=ac&erat=enim&quisque=in&erat=tempor&eros=turpis&viverra=nec');
INSERT INTO Organization(org_name,org_country,org_factor,org_url) VALUES ('Corwin-Johnson',12,4,'http://miibeian.gov.cn/enim/lorem/ipsum/dolor.jsp?eu=quis&felis=turpis&fusce=eget&posuere=elit&felis=sodales&sed=scelerisque&lacus=mauris&morbi=sit&sem=amet&mauris=eros&laoreet=suspendisse&ut=accumsan&rhoncus=tortor&aliquet=quis&pulvinar=turpis&sed=sed&nisl=ante&nunc=vivamus&rhoncus=tortor&dui=duis&vel=mattis&sem=egestas&sed=metus&sagittis=aenean&nam=fermentum&congue=donec&risus=ut&semper=mauris&porta=eget&volutpat=massa&quam=tempor&pede=convallis&lobortis=nulla&ligula=neque&sit=libero&amet=convallis&eleifend=eget&pede=eleifend&libero=luctus&quis=ultricies&orci=eu');
INSERT INTO Organization(org_name,org_country,org_factor,org_url) VALUES ('Hayes, Welch and Beer',9,3,'https://forbes.com/elit/sodales/scelerisque/mauris.xml?orci=nullam&nullam=porttitor&molestie=lacus&nibh=at&in=turpis&lectus=donec&pellentesque=posuere&at=metus&nulla=vitae&suspendisse=ipsum&potenti=aliquam&cras=non&in=mauris&purus=morbi&eu=non&magna=lectus&vulputate=aliquam&luctus=sit&cum=amet&sociis=diam&natoque=in&penatibus=magna&et=bibendum&magnis=imperdiet&dis=nullam&parturient=orci&montes=pede&nascetur=venenatis&ridiculus=non&mus=sodales&vivamus=sed&vestibulum=tincidunt&sagittis=eu&sapien=felis&cum=fusce&sociis=posuere&natoque=felis&penatibus=sed&et=lacus&magnis=morbi&dis=sem&parturient=mauris&montes=laoreet&nascetur=ut&ridiculus=rhoncus&mus=aliquet&etiam=pulvinar&vel=sed&augue=nisl&vestibulum=nunc&rutrum=rhoncus&rutrum=dui&neque=vel&aenean=sem&auctor=sed&gravida=sagittis&sem=nam&praesent=congue&id=risus&massa=semper&id=porta&nisl=volutpat&venenatis=quam&lacinia=pede&aenean=lobortis&sit=ligula&amet=sit&justo=amet&morbi=eleifend&ut=pede&odio=libero&cras=quis&mi=orci&pede=nullam&malesuada=molestie&in=nibh&imperdiet=in&et=lectus&commodo=pellentesque&vulputate=at&justo=nulla&in=suspendisse&blandit=potenti&ultrices=cras');
INSERT INTO Organization(org_name,org_country,org_factor,org_url) VALUES ('Stracke-Prohaska',14,4,'https://sphinn.com/ipsum/primis/in/faucibus.jsp?tempus=risus&vel=praesent&pede=lectus&morbi=vestibulum&porttitor=quam&lorem=sapien&id=varius&ligula=ut&suspendisse=blandit&ornare=non');
INSERT INTO Organization(org_name,org_country,org_factor,org_url) VALUES ('O''Hara, Daugherty and Langosh',3,3,'https://sciencedirect.com/commodo/placerat/praesent/blandit/nam/nulla.jpg?varius=ante&nulla=vestibulum&facilisi=ante&cras=ipsum&non=primis&velit=in&nec=faucibus&nisi=orci&vulputate=luctus&nonummy=et&maecenas=ultrices&tincidunt=posuere&lacus=cubilia&at=curae&velit=duis&vivamus=faucibus&vel=accumsan&nulla=odio&eget=curabitur&eros=convallis&elementum=duis&pellentesque=consequat&quisque=dui&porta=nec&volutpat=nisi&erat=volutpat&quisque=eleifend&erat=donec&eros=ut&viverra=dolor&eget=morbi&congue=vel&eget=lectus&semper=in&rutrum=quam&nulla=fringilla&nunc=rhoncus&purus=mauris&phasellus=enim&in=leo&felis=rhoncus&donec=sed&semper=vestibulum&sapien=sit&a=amet&libero=cursus&nam=id&dui=turpis&proin=integer&leo=aliquet&odio=massa&porttitor=id&id=lobortis&consequat=convallis&in=tortor&consequat=risus&ut=dapibus&nulla=augue&sed=vel&accumsan=accumsan&felis=tellus&ut=nisi&at=eu&dolor=orci&quis=mauris&odio=lacinia&consequat=sapien&varius=quis&integer=libero&ac=nullam&leo=sit&pellentesque=amet&ultrices=turpis&mattis=elementum&odio=ligula&donec=vehicula&vitae=consequat&nisi=morbi&nam=a&ultrices=ipsum&libero=integer&non=a&mattis=nibh');
INSERT INTO Organization(org_name,org_country,org_factor,org_url) VALUES ('Gorczany, Strosin and Haley',16,2,'http://scientificamerican.com/nulla/quisque/arcu/libero/rutrum.html?ante=maecenas&vel=leo&ipsum=odio&praesent=condimentum&blandit=id&lacinia=luctus&erat=nec&vestibulum=molestie&sed=sed&magna=justo&at=pellentesque&nunc=viverra&commodo=pede&placerat=ac&praesent=diam&blandit=cras&nam=pellentesque');
INSERT INTO Organization(org_name,org_country,org_factor,org_url) VALUES ('Labadie, Pouros and Hudson',11,1,'https://example.com/in/imperdiet/et.xml?morbi=posuere&non=cubilia&lectus=curae&aliquam=nulla&sit=dapibus&amet=dolor&diam=vel&in=est&magna=donec&bibendum=odio&imperdiet=justo&nullam=sollicitudin&orci=ut&pede=suscipit&venenatis=a&non=feugiat&sodales=et&sed=eros&tincidunt=vestibulum&eu=ac&felis=est&fusce=lacinia&posuere=nisi&felis=venenatis&sed=tristique&lacus=fusce&morbi=congue&sem=diam&mauris=id&laoreet=ornare&ut=imperdiet&rhoncus=sapien&aliquet=urna&pulvinar=pretium&sed=nisl&nisl=ut&nunc=volutpat&rhoncus=sapien&dui=arcu&vel=sed&sem=augue&sed=aliquam&sagittis=erat&nam=volutpat&congue=in&risus=congue&semper=etiam&porta=justo&volutpat=etiam&quam=pretium&pede=iaculis&lobortis=justo&ligula=in&sit=hac&amet=habitasse&eleifend=platea&pede=dictumst&libero=etiam&quis=faucibus&orci=cursus&nullam=urna&molestie=ut&nibh=tellus&in=nulla&lectus=ut&pellentesque=erat&at=id&nulla=mauris&suspendisse=vulputate&potenti=elementum&cras=nullam');

--User
INSERT INTO User(user_country,user_name,role_id) VALUES (16,'acarbery0',1);
INSERT INTO User(user_country,user_name,role_id) VALUES (22,'yferrarello1',3);
INSERT INTO User(user_country,user_name,role_id) VALUES (4,'chartop2',2);
INSERT INTO User(user_country,user_name,role_id) VALUES (9,'cscotchbrook3',2);
INSERT INTO User(user_country,user_name,role_id) VALUES (3,'ebollen4',3);
INSERT INTO User(user_country,user_name,role_id) VALUES (18,'klesly5',1);
INSERT INTO User(user_country,user_name,role_id) VALUES (2,'hmanthorpe6',2);
INSERT INTO User(user_country,user_name,role_id) VALUES (23,'cstanes7',1);
INSERT INTO User(user_country,user_name,role_id) VALUES (19,'stumilty8',1);
INSERT INTO User(user_country,user_name,role_id) VALUES (11,'vcoghlin9',2);
INSERT INTO User(user_country,user_name,role_id) VALUES (18,'gbrancha',2);
INSERT INTO User(user_country,user_name,role_id) VALUES (4,'rblaberb',1);
INSERT INTO User(user_country,user_name,role_id) VALUES (26,'livankinc',2);
INSERT INTO User(user_country,user_name,role_id) VALUES (20,'gcroncheyd',3);
INSERT INTO User(user_country,user_name,role_id) VALUES (11,'kgillebridee',1);
INSERT INTO User(user_country,user_name,role_id) VALUES (8,'cbakewellf',2);
INSERT INTO User(user_country,user_name,role_id) VALUES (1,'lflintoffeg',3);
INSERT INTO User(user_country,user_name,role_id) VALUES (6,'polivazzih',3);
INSERT INTO User(user_country,user_name,role_id) VALUES (4,'nridwoodi',3);
INSERT INTO User(user_country,user_name,role_id) VALUES (11,'rsonierj',3);
INSERT INTO User(user_country,user_name,role_id) VALUES (4,'jlockheadk',2);
INSERT INTO User(user_country,user_name,role_id) VALUES (20,'gpeadl',3);
INSERT INTO User(user_country,user_name,role_id) VALUES (21,'ppibsworthm',3);
INSERT INTO User(user_country,user_name,role_id) VALUES (23,'shernikn',1);
INSERT INTO User(user_country,user_name,role_id) VALUES (3,'trivelo',1);
INSERT INTO User(user_country,user_name,role_id) VALUES (1,'wferrinip',3);
INSERT INTO User(user_country,user_name,role_id) VALUES (26,'jwildsq',3);
INSERT INTO User(user_country,user_name,role_id) VALUES (3,'lleneyr',1);
INSERT INTO User(user_country,user_name,role_id) VALUES (12,'tcrouses',1);
INSERT INTO User(user_country,user_name,role_id) VALUES (27,'dhearnamant',1);
INSERT INTO User(user_country,user_name,role_id) VALUES (4,'acocklieu',1);
INSERT INTO User(user_country,user_name,role_id) VALUES (16,'jgerrillv',1);
INSERT INTO User(user_country,user_name,role_id) VALUES (18,'cyoseloffw',2);
INSERT INTO User(user_country,user_name,role_id) VALUES (6,'xcaminx',2);
INSERT INTO User(user_country,user_name,role_id) VALUES (22,'gvaseniny',3);
INSERT INTO User(user_country,user_name,role_id) VALUES (24,'tvenneurz',3);
INSERT INTO User(user_country,user_name,role_id) VALUES (19,'gmadgwich10',3);
INSERT INTO User(user_country,user_name,role_id) VALUES (20,'tcoast11',3);
INSERT INTO User(user_country,user_name,role_id) VALUES (4,'tcurwen12',3);
INSERT INTO User(user_country,user_name,role_id) VALUES (20,'mcatlette13',1);
INSERT INTO User(user_country,user_name,role_id) VALUES (18,'kvanderplas14',3);
INSERT INTO User(user_country,user_name,role_id) VALUES (9,'rslinger15',2);
INSERT INTO User(user_country,user_name,role_id) VALUES (17,'vzoephel16',1);
INSERT INTO User(user_country,user_name,role_id) VALUES (18,'ghassell17',2);
INSERT INTO User(user_country,user_name,role_id) VALUES (7,'fmecco18',3);
INSERT INTO User(user_country,user_name,role_id) VALUES (12,'cmarginson19',2);
INSERT INTO User(user_country,user_name,role_id) VALUES (5,'bpidgley1a',2);
INSERT INTO User(user_country,user_name,role_id) VALUES (19,'fforte1b',1);
INSERT INTO User(user_country,user_name,role_id) VALUES (6,'vdagg1c',2);
INSERT INTO User(user_country,user_name,role_id) VALUES (11,'ecomelini1d',3);
INSERT INTO User(user_country,user_name,role_id) VALUES (17,'alavell1e',3);
INSERT INTO User(user_country,user_name,role_id) VALUES (14,'ecayle1f',1);
INSERT INTO User(user_country,user_name,role_id) VALUES (22,'ipancast1g',3);
INSERT INTO User(user_country,user_name,role_id) VALUES (9,'mmapholm1h',2);
INSERT INTO User(user_country,user_name,role_id) VALUES (15,'shapke1i',1);
INSERT INTO User(user_country,user_name,role_id) VALUES (19,'sskeats1j',2);
INSERT INTO User(user_country,user_name,role_id) VALUES (17,'pdomelaw1k',1);
INSERT INTO User(user_country,user_name,role_id) VALUES (22,'nsaffe1l',1);
INSERT INTO User(user_country,user_name,role_id) VALUES (26,'acorsar1m',1);
INSERT INTO User(user_country,user_name,role_id) VALUES (26,'awatkiss1n',3);
INSERT INTO User(user_country,user_name,role_id) VALUES (13,'sfearnill1o',1);
INSERT INTO User(user_country,user_name,role_id) VALUES (12,'pgrinikhinov1p',2);
INSERT INTO User(user_country,user_name,role_id) VALUES (21,'cclemo1q',2);
INSERT INTO User(user_country,user_name,role_id) VALUES (4,'sjickles1r',2);
INSERT INTO User(user_country,user_name,role_id) VALUES (3,'dkivlehan1s',2);
INSERT INTO User(user_country,user_name,role_id) VALUES (19,'lsproule1t',2);
INSERT INTO User(user_country,user_name,role_id) VALUES (9,'rburchnall1u',2);
INSERT INTO User(user_country,user_name,role_id) VALUES (7,'rlathy1v',1);
INSERT INTO User(user_country,user_name,role_id) VALUES (8,'ksneaker1w',1);
INSERT INTO User(user_country,user_name,role_id) VALUES (22,'oorum1x',2);
INSERT INTO User(user_country,user_name,role_id) VALUES (6,'csaurin1y',1);
INSERT INTO User(user_country,user_name,role_id) VALUES (6,'sshipman1z',2);
INSERT INTO User(user_country,user_name,role_id) VALUES (17,'mgrishagin20',3);
INSERT INTO User(user_country,user_name,role_id) VALUES (25,'kconsterdine21',3);
INSERT INTO User(user_country,user_name,role_id) VALUES (3,'skeohane22',3);
